gene,ref_aa,position,alt_aa,AlphaMissense,AlphaMissense_pathogenicity,franklin
shroom3,G,35,V,likely_pathogenic,0.8766,VUS (mid)
shroom3,G,60,V,likely_pathogenic,0.7298,benign
shroom3,V,106,L,likely_pathogenic,0.6178,VUS (low)
shroom3,L,147,H,likely_benign,0.2264,benign
shroom3,H,161,Q,ambiguous,0.4151,VUS (mid)
shroom3,H,207,Y,likely_benign,0.1432,Benign
shroom3,G,279,A,likely_benign,0.0904,benign
shroom3,S,325,A,likely_benign,0.0894,Benign
shroom3,R,352,Q,likely_benign,0.1142,likely benign
shroom3,S,367,R,likely_benign,0.3073,likely benign
shroom3,L,376,I,likely_benign,0.0829,VUS (mid)
shroom3,T,434,A,likely_benign,0.1333,VUS (mid)
shroom3,K,449,R,likely_benign,0.0894,VUS (mid)
shroom3,P,469,A,likely_benign,0.065,Benign
shroom3,E,564,A,likely_benign,0.1464,Benign
shroom3,S,597,Y,likely_benign,0.0741,VUS (mid)
shroom3,L,647,P,likely_benign,0.0636,VUS(mid)
shroom3,K,707,R,likely_benign,0.0943,Likely benign
shroom3,R,718,Q,likely_benign,0.095,benign
shroom3,Q,793,P,likely_benign,0.1164,likely benign
shroom3,G,869,R,likely_benign,0.0819,likely benign
shroom3,D,945,V,likely_pathogenic,0.8322,VUS (mid)
shroom3,R,1008,H,ambiguous,0.438,VUS (mid)
shroom3,T,1012,N,likely_benign,0.2017,benign
shroom3,V,1054,L,ambiguous,0.436,benign
shroom3,R,1250,C,likely_benign,0.0899,VUS(mid)
shroom3,P,1290,L,likely_benign,0.0836,benign
shroom3,R,1430,Q,likely_benign,0.0796,benign
shroom3,P,1464,S,likely_benign,0.1087,VUS (low)
shroom3,T,1481,P,likely_benign,0.0701,benign
shroom3,E,1507,K,likely_benign,0.2644,likely benign
shroom3,A,1557,V,likely_benign,0.086,benign
shroom3,Q,1558,P,likely_benign,0.0666,benign
shroom3,M,1585,K,likely_benign,0.118,benign
shroom3,V,1620,I,likely_benign,0.0782,VUS (low)
shroom3,Q,1623,K,likely_benign,0.1133,likely benign
shroom3,G,1864,D,likely_benign,0.273,benign
shroom3,P,1971,L,likely_benign,0.0869,VUS (mid)
shroom3,N,1972,D,likely_benign,0.0529,benign
rock2,R,35,G,likely_benign,0.2286,likely benign
rock2,I,41,V,likely_benign,0.0535,likely benign
rock2,F,136,C,likely_pathogenic,0.9536,likely benign
rock2,T,367,M,likely_benign,0.0722,VUS (high)
rock2,T,431,N,likely_benign,0.0558,benign
rock2,N,439,D,likely_benign,0.0776,VUS (high)
rock2,D,601,V,likely_benign,0.2558,likely benign
rock2,A,663,T,likely_benign,0.0753,VUS (high)
rock2,R,1044,Q,likely_benign,0.2802,VUS (mid)
cdh2,A,21,T,likely_benign,0.107,benign 
cdh2,E,24,Q,likely_benign,0.079,likely benign
cdh2,N,64,H,likely_benign,0.0715,VUS (mid)
cdh2,Q,107,E,likely_benign,0.0827,VUS (mid)
cdh2,A,118,T,likely_benign,0.0764,benign
cdh2,V,289,I,likely_benign,0.1354,VUS (low)
cdh2,V,309,M,likely_benign,0.1169,likely benign
cdh2,P,449,T,likely_benign,0.25,VUS (mid)
cdh2,N,500,S,likely_benign,0.0853,likely benign
cdh2,G,717,A,likely_benign,0.1188,VUS (low)
cdh2,R,823,Q,likely_pathogenic,0.7992,VUS (mid)
cdh2,N,845,S,likely_benign,0.0807,benign
dvl2,E,13,K,likely_pathogenic,0.9346,VUS (mid)
dvl2,H,177,R,likely_benign,0.1389,VUS (mid)
dvl2,M,261,V,ambiguous,0.365,VUS (mid)
dvl2,R,367,G,ambiguous,0.4781,VUS (mid)
dvl2,R,367,Q,likely_benign,0.1911,VUS (high)
dvl2,M,399,V,likely_benign,0.0675,benign
dvl2,R,415,Q,likely_benign,0.0631,benign
dvl2,D,441,Y,likely_pathogenic,0.99,VUS (mid)
dvl2,T,535,I,likely_pathogenic,0.8046,benign
dvl2,R,590,Q,likely_benign,0.1111,VUS (mid)
dvl2,P,670,H,likely_benign,0.1088,VUS (mid)
dvl2,P,679,S,likely_benign,0.1974,VUS (mid)
dvl2,P,688,L,likely_benign,0.0847,benign
dvl2,D,706,E,likely_benign,0.3193,VUS (mid)
dvl2,R,718,H,likely_pathogenic,0.9744,VUS (low)
ctnnb1,R,151,C,likely_pathogenic,0.9399,VUS (high)
ctnnb1,N,287,S,likely_benign,0.0536,VUS (mid)
ctnnb1,T,297,M,likely_pathogenic,0.8223,VUS (high)
zic3,G,7,R,likely_pathogenic,0.6767,VUS (mid)
zic3,G,17,C,ambiguous,0.4062,benign
zic3,A,21,G,likely_benign,0.1043,VUS (mid)
zic3,A,62,T,likely_benign,0.1339,VUS (mid)
zic3,T,98,A,likely_benign,0.1084,VUS (mid)
zic3,P,102,L,ambiguous,0.4415,VUS (low)
zic3,S,109,C,likely_benign,0.277,likely benign
zic3,S,103,T,likely_benign,0.1381,VUS (mid)
zic3,S,124,G,likely_benign,0.0826,VUS (mid)
zic3,G,213,S,likely_benign,0.1238,VUS (mid)
zic3,P,217,A,likely_benign,0.1636,benign
zic3,C,253,S,likely_pathogenic,0.999,VUS (high)
zic3,H,281,Y,likely_pathogenic,0.991,VUS (high)
zic3,H,286,R,likely_pathogenic,0.997,VUS (high)
zic3,C,297,F,likely_pathogenic,0.99,VUS (high)
zic3,H,318,N,likely_pathogenic,1,VUS (high)
zic3,T,323,M,likely_pathogenic,0.987,pathogenic
zic3,R,350,G,likely_pathogenic,0.998,VUS (mid)
zic3,S,402,P,likely_pathogenic,0.998,VUS (mid)
zic3,K,405,E,likely_pathogenic,0.997,VUS (high)
zic3,P,442,H,likely_benign,0.1048,benign
zic3,A,447,G,likely_benign,0.132,VUS (high)
zic5,E,405,K,ambiguous,0.4721,
zic5,D,404,N,likely_benign,0.1849,VUS (low)
zic5,A,249,G,likely_benign,0.128,
zic5,G,239,S,likely_benign,0.106,
zic5,H,230,R,likely_benign,0.2038,
zic5,S,176,P,likely_benign,0.1267,
zic5,P,161,H,likely_benign,0.1659,
zic5,Q,146,L,likely_benign,0.1137,
zic5,S,135,C,likely_benign,0.1711,
zic5,A,110,E,likely_benign,0.2647,
zic5,R,69,P,ambiguous,0.3615,
zic5,P,57,R,likely_benign,0.3154,
zic5,L,39,V,likely_benign,0.1972,
zic5,P,28,L,likely_benign,0.3295,
zic2,R,19,H,ambiguous,0.378,VUS (mid)
zic2,H,415,Q,likely_pathogenic,0.9987,likely pathogenic
zic2,A,468,T,likely_benign,0.2225,VUS (high)
zic2,A,517,V,likely_benign,0.1674,VUS (mid)
gli3,T,9,M,likely_benign,0.0835,likely benign
gli3,V,71,I,likely_benign,0.0578,benign
gli3,P,103,S,likely_benign,0.1614,VUS (mid)
gli3,R,114,K,ambiguous,0.3482,benign
gli3,R,180,Q,likely_benign,0.2376,VUS (low)
gli3,T,183,A,likely_benign,0.0495,benign
gli3,P,189,S,likely_benign,0.165,VUS (low)
gli3,T,263,K,likely_benign,0.2533,VUS (mid)
gli3,I,342,V,likely_benign,0.13,VUS (mid)
gli3,G,465,R,likely_pathogenic,0.8158,benign
gli3,G,657,S,likely_benign,0.0715,likely benign
gli3,P,707,S,likely_benign,0.2002,VUS (mid)
gli3,N,722,S,likely_benign,0.0681,benign
gli3,G,727,R,likely_benign,0.2439,benign
gli3,D,734,N,likely_benign,0.0743,likely benign
gli3,A,770,V,likely_benign,0.0817,VUS (mid)
gli3,I,808,M,likely_benign,0.0751,benign
gli3,A,879,T,likely_benign,0.1172,benign
gli3,P,998,L,likely_benign,0.0569,benign
gli3,G,1001,S,likely_benign,0.0736,benign
gli3,S,1028,I,likely_benign,0.1554,benign
gli3,T,1070,S,likely_benign,0.0739,benign
gli3,T,1074,N,likely_benign,0.1232,VUS (mid)
gli3,G,1125,R,likely_benign,0.1207,VUS (mid)
gli3,P,1222,S,likely_benign,0.0562,benign
gli3,G,1336,E,likely_benign,0.0851,benign
gli3,R,1537,C,likely_benign,0.2216,benign
mdfi,R,128,Q,likely_benign,0.0977,benign
mdfi,T,178,K,likely_pathogenic,0.5655,VUS (high)
mdfi,A,187,T,likely_benign,0.1203,likely benign
kpna1,I,381,L,ambiguous,0.4622,VUS (high)
kpna1,S,73,N,likely_benign,0.0728,benign
kpna6,R,128,Q,likely_benign,0.3399,VUS (mid)
kpna6,K,424,N,likely_pathogenic,0.6877,VUS (high)
kpna6,I,498,T,likely_pathogenic,0.8778,VUS (high)
kpna6,D,507,N,likely_benign,0.1991,VUS (mid)
tcf7l1,G,12,S,likely_benign,0.1203,benign
tcf7l1,G,14,S,likely_benign,0.0974,VUS(mid)
tcf7l1,Q,89,H,likely_benign,0.1525,VUS (mid)
tcf7l1,S,141,P,likely_benign,0.1508,VUS mid)
tcf7l1,S,160,T,likely_benign,0.0679,benign
tcf7l1,L,248,I,likely_benign,0.2646,VUS (mid)
tcf7l1,P,253,S,likely_benign,0.1489,benign
tcf7l1,G,533,R,likely_benign,0.2344,benign
tcf7l1,Q,538,H,likely_benign,0.0949,VUS (mid)
