variant,gene,ref_aa,position,alt_aa,cohort,scope_note,evaluable,structure_hit,ddg_hit,am_hit,franklin_hit,concordance,conc_n,conc_denom,best_plddt,n_systems,min_tier,AlphaMissense_score,AlphaMissense_class,franklin,mavis_score,control_citation
ZIC3 C253S,ZIC3,C,253,S,known_pathogenic_control,,True,1,1,1,1,4/4,4,4,94.3,5,Tier 1,0.999,likely_pathogenic,VUS (high),6.0,Ware 2004 (DOI 10.1086/380998); ClinVar RCV000012190; rs104894961
ZIC3 C297F,ZIC3,C,297,F,known_pathogenic_control,,True,1,1,1,1,4/4,4,4,93.1,5,Tier 1,0.99,likely_pathogenic,VUS (high),6.0,Sci Rep 2018 (PMID 30120289); c.890G>T — not in ClinVar
ZIC3 H318N,ZIC3,H,318,N,known_pathogenic_control,,True,1,1,1,1,4/4,4,4,95.5,5,Tier 1,1.0,likely_pathogenic,VUS (high),5.5,Cowan 2014 (PMID 24123890)
ZIC3 T323M,ZIC3,T,323,M,known_pathogenic_control,,True,1,1,1,1,4/4,4,4,93.5,5,Tier 2,0.987,likely_pathogenic,pathogenic,4.0,Cowan 2014 (PMID 24123890); OMIM/ClinVar RCV000012186 (as Thr325Met)
ZIC3 K405E,ZIC3,K,405,E,known_pathogenic_control,,True,1,1,1,1,4/4,4,4,92.3,5,Tier 2,0.997,likely_pathogenic,VUS (high),3.5,Ware 2004 (DOI 10.1086/380998); ClinVar RCV000012191; rs104894962
ZIC3 H281Y,ZIC3,H,281,Y,known_pathogenic_control,,True,1,0,1,1,3/4,3,4,94.6,5,Tier 1,0.991,likely_pathogenic,VUS (high),5.0,D'Alessandro 2013 (PMID 23427188); c.841C>T — not in ClinVar
ZIC3 R350G,ZIC3,R,350,G,known_pathogenic_control,,True,1,1,1,0,3/4,3,4,97.1,5,Tier 1,0.998,likely_pathogenic,VUS (mid),6.5,Cowan 2014 (PMID 24123890)
ZIC3 S402P,ZIC3,S,402,P,known_pathogenic_control,,True,1,1,1,0,3/4,3,4,88.5,5,Tier 2,0.998,likely_pathogenic,VUS (mid),3.5,Cowan 2014 (PMID 24123890)
ZIC3 H286R,ZIC3,H,286,R,known_pathogenic_control,,True,0,0,1,1,2/4,2,4,91.2,5,Tier 3,0.997,likely_pathogenic,VUS (high),2.0,Cowan 2014 (PMID 24123890); NLS/NES mech. Bedard 2006 (DOI 10.1093/hmg/ddl461)
ZIC3 A447G,ZIC3,A,447,G,known_pathogenic_control,"control — out of structural scope (disordered, pLDDT<30)",False,0,0,0,1,1/2,1,2,39.4,5,Tier 4,0.132,likely_benign,VUS (high),0.0,"Cowan 2014 (PMID 24123890) — atypical, increased transactivation"
ZIC3 P217A,ZIC3,P,217,A,known_pathogenic_control,"control — out of structural scope (disordered, pLDDT<30)",False,0,0,0,0,0/2,0,2,41.5,5,Tier 4,0.164,likely_benign,benign,0.0,"Cowan 2014 (PMID 24123890) — susceptibility allele, incomplete penetrance"
CTNNB1 R151C,CTNNB1,R,151,C,patient_population,,True,1,0,1,1,3/4,3,4,83.5,1,Tier 2,0.94,likely_pathogenic,VUS (high),3.0,
CTNNB1 T297M,CTNNB1,T,297,M,patient_population,,True,1,0,1,1,3/4,3,4,98.8,1,Tier 1,0.822,likely_pathogenic,VUS (high),5.0,
DVL2 D441Y,DVL2,D,441,Y,patient_population,,True,1,1,1,0,3/4,3,4,96.1,1,Tier 1,0.99,likely_pathogenic,VUS (mid),5.5,
KPNA6 I498T,KPNA6,I,498,T,patient_population,,True,1,1,0,1,3/4,3,4,95.9,1,Tier 2,,0.8778,VUS (high),4.0,
ROCK2 T367M,ROCK2,T,367,M,patient_population,,True,1,1,0,1,3/4,3,4,97.0,1,Tier 1,0.072,likely_benign,VUS (high),5.5,
SHROOM3 G35V,SHROOM3,G,35,V,patient_population,,True,1,1,1,0,3/4,3,4,84.4,5,Tier 1,0.877,likely_pathogenic,VUS (mid),6.5,
SHROOM3 G60V,SHROOM3,G,60,V,patient_population,,True,1,1,1,0,3/4,3,4,87.2,5,Tier 2,0.73,likely_pathogenic,benign,3.5,
KPNA6 K424N,KPNA6,K,424,N,patient_population,,True,1,0,0,1,2/4,2,4,98.2,1,Tier 2,,0.6877,VUS (high),3.0,
MDFI T178K,MDFI,T,178,K,patient_population,,True,0,0,1,1,2/4,2,4,68.9,1,Tier 4,0.566,likely_pathogenic,VUS (high),1.4,
ROCK2 F136C,ROCK2,F,136,C,patient_population,,True,1,0,1,0,2/4,2,4,89.3,1,Tier 1,0.954,likely_pathogenic,likely benign,6.0,
SHROOM3 V106L,SHROOM3,V,106,L,patient_population,,True,1,0,1,0,2/4,2,4,89.4,5,Tier 2,0.618,likely_pathogenic,VUS (low),4.0,
CDH2 A118T,CDH2,A,118,T,patient_population,,True,1,0,0,0,1/4,1,4,90.2,1,Tier 2,0.076,likely_benign,benign,3.0,
CDH2 V289I,CDH2,V,289,I,patient_population,,True,1,0,0,0,1/4,1,4,97.7,1,Tier 2,0.135,likely_benign,VUS (low),4.0,
CDH2 N500S,CDH2,N,500,S,patient_population,,True,0,1,0,0,1/4,1,4,94.7,1,Tier 3,0.085,likely_benign,likely benign,2.0,
CDH2 R823Q,CDH2,R,823,Q,patient_population,,False,0,0,1,0,1/2,1,2,38.2,1,Tier 4,0.799,likely_pathogenic,VUS (mid),0.0,
DVL2 E13K,DVL2,E,13,K,patient_population,,True,0,0,1,0,1/4,1,4,94.1,1,Tier 3,0.935,likely_pathogenic,VUS (mid),2.0,
DVL2 R367Q,DVL2,R,367,Q,patient_population,,False,0,0,0,1,1/2,1,2,46.4,1,Tier 4,0.191,likely_benign,VUS (high),0.0,
DVL2 T535I,DVL2,T,535,I,patient_population,,False,0,0,1,0,1/2,1,2,32.5,1,Tier 4,0.805,likely_pathogenic,benign,0.0,
DVL2 R718H,DVL2,R,718,H,patient_population,,False,0,0,1,0,1/2,1,2,33.5,1,Tier 4,0.974,likely_pathogenic,VUS (low),0.4,
GLI3 G465R,GLI3,G,465,R,patient_population,,False,0,0,1,0,1/2,1,2,40.6,1,Tier 4,0.816,likely_pathogenic,benign,0.0,
KPNA1 I381L,KPNA1,I,381,L,patient_population,,True,0,0,0,1,1/4,1,4,98.9,1,Tier 3,,0.4622,VUS (high),2.0,
KPNA6 R128Q,KPNA6,R,128,Q,patient_population,,True,1,0,0,0,1/4,1,4,98.2,1,Tier 2,,0.3399,VUS (mid),3.0,
ROCK2 N439D,ROCK2,N,439,D,patient_population,,False,0,0,0,1,1/2,1,2,30.1,1,Tier 4,0.078,likely_benign,VUS (high),0.0,
ROCK2 D601V,ROCK2,D,601,V,patient_population,,True,1,0,0,0,1/4,1,4,77.4,1,Tier 2,0.256,likely_benign,likely benign,3.0,
ROCK2 A663T,ROCK2,A,663,T,patient_population,,True,0,0,0,1,1/4,1,4,81.2,1,Tier 3,0.075,likely_benign,VUS (high),2.0,
SHROOM3 D945V,SHROOM3,D,945,V,patient_population,,False,0,0,1,0,1/2,1,2,34.8,5,Tier 4,0.832,likely_pathogenic,VUS (mid),0.0,
SHROOM3 G1864D,SHROOM3,G,1864,D,patient_population,,True,0,1,0,0,1/4,1,4,82.9,5,Tier 4,0.273,likely_benign,benign,1.0,
SHROOM3 P1971L,SHROOM3,P,1971,L,patient_population,,True,0,1,0,0,1/4,1,4,53.0,5,Tier 4,0.087,likely_benign,VUS (mid),0.7,
ZIC3 G7R,ZIC3,G,7,R,patient_population,,False,0,0,1,0,1/2,1,2,40.2,5,Tier 4,0.677,likely_pathogenic,VUS (mid),0.0,
CDH2 A21T,CDH2,A,21,T,patient_population,,False,0,0,0,0,0/2,0,2,45.9,1,Tier 4,0.107,likely_benign,benign ,0.4,
CDH2 E24Q,CDH2,E,24,Q,patient_population,,False,0,0,0,0,0/2,0,2,40.9,1,Tier 4,0.079,likely_benign,likely benign,0.0,
CDH2 N64H,CDH2,N,64,H,patient_population,,True,0,0,0,0,0/4,0,4,77.9,1,Tier 4,0.071,likely_benign,VUS (mid),1.0,
CDH2 Q107E,CDH2,Q,107,E,patient_population,,True,0,0,0,0,0/4,0,4,88.7,1,Tier 3,0.083,likely_benign,VUS (mid),2.0,
CDH2 V309M,CDH2,V,309,M,patient_population,,True,0,0,0,0,0/4,0,4,97.7,1,Tier 4,0.117,likely_benign,likely benign,1.0,
CDH2 P449T,CDH2,P,449,T,patient_population,,True,0,0,0,0,0/4,0,4,96.2,1,Tier 4,0.25,likely_benign,VUS (mid),1.0,
CDH2 G717A,CDH2,G,717,A,patient_population,,False,0,0,0,0,0/2,0,2,35.1,1,Tier 4,0.119,likely_benign,VUS (low),0.0,
CDH2 N845S,CDH2,N,845,S,patient_population,,True,0,0,0,0,0/4,0,4,73.7,1,Tier 4,0.081,likely_benign,benign,1.0,
CTNNB1 N287S,CTNNB1,N,287,S,patient_population,,True,0,0,0,0,0/4,0,4,97.7,1,Tier 4,0.054,likely_benign,VUS (mid),1.0,
DVL2 H177R,DVL2,H,177,R,patient_population,,False,0,0,0,0,0/2,0,2,29.0,1,Tier 4,0.139,likely_benign,VUS (mid),0.0,
DVL2 M261V,DVL2,M,261,V,patient_population,,True,0,0,0,0,0/4,0,4,52.1,1,Tier 4,0.365,ambiguous,VUS (mid),0.0,
DVL2 R367G,DVL2,R,367,G,patient_population,,False,0,0,0,0,0/2,0,2,46.4,1,Tier 4,0.478,ambiguous,VUS (mid),0.0,
DVL2 M399V,DVL2,M,399,V,patient_population,,False,0,0,0,0,0/2,0,2,35.0,1,Tier 4,0.068,likely_benign,benign,0.0,
DVL2 R415Q,DVL2,R,415,Q,patient_population,,True,0,0,0,0,0/4,0,4,72.9,1,Tier 4,0.063,likely_benign,benign,0.0,
DVL2 R590Q,DVL2,R,590,Q,patient_population,,False,0,0,0,0,0/2,0,2,29.5,1,Tier 4,0.111,likely_benign,VUS (mid),0.0,
DVL2 P670H,DVL2,P,670,H,patient_population,,False,0,0,0,0,0/2,0,2,37.4,1,Tier 4,0.109,likely_benign,VUS (mid),0.4,
DVL2 P679S,DVL2,P,679,S,patient_population,,False,0,0,0,0,0/2,0,2,40.3,1,Tier 4,0.197,likely_benign,VUS (mid),0.4,
DVL2 P688L,DVL2,P,688,L,patient_population,,True,0,0,0,0,0/4,0,4,50.0,1,Tier 4,0.085,likely_benign,benign,0.0,
DVL2 D706E,DVL2,D,706,E,patient_population,,False,0,0,0,0,0/2,0,2,43.4,1,Tier 4,0.319,likely_benign,VUS (mid),0.0,
GLI3 T9M,GLI3,T,9,M,patient_population,,False,0,0,0,0,0/2,0,2,38.4,1,Tier 4,0.084,likely_benign,likely benign,0.0,
GLI3 V71I,GLI3,V,71,I,patient_population,,False,0,0,0,0,0/2,0,2,39.3,1,Tier 4,0.058,likely_benign,benign,0.0,
GLI3 P103S,GLI3,P,103,S,patient_population,,False,0,0,0,0,0/2,0,2,45.2,1,Tier 4,0.161,likely_benign,VUS (mid),0.0,
GLI3 R114K,GLI3,R,114,K,patient_population,,False,0,0,0,0,0/2,0,2,43.3,1,Tier 4,0.348,ambiguous,benign,0.0,
GLI3 R180Q,GLI3,R,180,Q,patient_population,,False,0,0,0,0,0/2,0,2,36.6,1,Tier 4,0.238,likely_benign,VUS (low),0.0,
GLI3 T183A,GLI3,T,183,A,patient_population,,False,0,0,0,0,0/2,0,2,43.9,1,Tier 4,0.05,likely_benign,benign,0.0,
GLI3 P189S,GLI3,P,189,S,patient_population,,False,0,0,0,0,0/2,0,2,40.6,1,Tier 4,0.165,likely_benign,VUS (low),0.0,
GLI3 T263K,GLI3,T,263,K,patient_population,,False,0,0,0,0,0/2,0,2,39.5,1,Tier 4,0.253,likely_benign,VUS (mid),0.0,
GLI3 I342V,GLI3,I,342,V,patient_population,,False,0,0,0,0,0/2,0,2,38.1,1,Tier 4,0.13,likely_benign,VUS (mid),0.0,
GLI3 G657S,GLI3,G,657,S,patient_population,,False,0,0,0,0,0/2,0,2,36.7,1,Tier 4,0.071,likely_benign,likely benign,0.0,
GLI3 P707S,GLI3,P,707,S,patient_population,,False,0,0,0,0,0/2,0,2,31.9,1,Tier 4,0.2,likely_benign,VUS (mid),0.0,
GLI3 N722S,GLI3,N,722,S,patient_population,,False,0,0,0,0,0/2,0,2,35.9,1,Tier 4,0.068,likely_benign,benign,0.0,
GLI3 G727R,GLI3,G,727,R,patient_population,,False,0,0,0,0,0/2,0,2,38.8,1,Tier 4,0.244,likely_benign,benign,0.0,
GLI3 D734N,GLI3,D,734,N,patient_population,,False,0,0,0,0,0/2,0,2,37.8,1,Tier 4,0.074,likely_benign,likely benign,0.0,
GLI3 A770V,GLI3,A,770,V,patient_population,,False,0,0,0,0,0/2,0,2,37.8,1,Tier 4,0.082,likely_benign,VUS (mid),0.0,
GLI3 I808M,GLI3,I,808,M,patient_population,,False,0,0,0,0,0/2,0,2,40.3,1,Tier 4,0.075,likely_benign,benign,0.0,
GLI3 A879T,GLI3,A,879,T,patient_population,,False,0,0,0,0,0/2,0,2,33.8,1,Tier 4,0.117,likely_benign,benign,0.0,
GLI3 P998L,GLI3,P,998,L,patient_population,,False,0,0,0,0,0/2,0,2,37.9,1,Tier 4,0.057,likely_benign,benign,0.0,
GLI3 G1001S,GLI3,G,1001,S,patient_population,,False,0,0,0,0,0/2,0,2,38.6,1,Tier 4,0.074,likely_benign,benign,0.0,
GLI3 S1028I,GLI3,S,1028,I,patient_population,,False,0,0,0,0,0/2,0,2,33.1,1,Tier 4,0.155,likely_benign,benign,0.0,
GLI3 T1070S,GLI3,T,1070,S,patient_population,,False,0,0,0,0,0/2,0,2,35.8,1,Tier 4,0.074,likely_benign,benign,0.0,
GLI3 T1074N,GLI3,T,1074,N,patient_population,,False,0,0,0,0,0/2,0,2,34.6,1,Tier 4,0.123,likely_benign,VUS (mid),1.2,
GLI3 G1125R,GLI3,G,1125,R,patient_population,,False,0,0,0,0,0/2,0,2,37.6,1,Tier 4,0.121,likely_benign,VUS (mid),0.0,
GLI3 P1222S,GLI3,P,1222,S,patient_population,,False,0,0,0,0,0/2,0,2,38.3,1,Tier 4,0.056,likely_benign,benign,0.8,
GLI3 G1336E,GLI3,G,1336,E,patient_population,,False,0,0,0,0,0/2,0,2,40.4,1,Tier 4,0.085,likely_benign,benign,0.0,
GLI3 R1537C,GLI3,R,1537,C,patient_population,,False,0,0,0,0,0/2,0,2,32.5,1,Tier 4,0.222,likely_benign,benign,0.0,
KPNA1 S73N,KPNA1,S,73,N,patient_population,,False,0,0,0,0,0/2,0,2,35.7,1,Tier 4,,0.0728,benign,0.0,
KPNA6 D507N,KPNA6,D,507,N,patient_population,,False,0,0,0,0,0/2,0,2,45.6,1,Tier 4,,0.1991,VUS (mid),0.0,
MDFI R128Q,MDFI,R,128,Q,patient_population,,True,0,0,0,0,0/4,0,4,55.3,1,Tier 4,0.098,likely_benign,benign,0.0,
MDFI A187T,MDFI,A,187,T,patient_population,,True,0,0,0,0,0/4,0,4,50.8,1,Tier 4,0.12,likely_benign,likely benign,1.4,
ROCK2 R35G,ROCK2,R,35,G,patient_population,,True,0,0,0,0,0/4,0,4,89.4,1,Tier 3,0.229,likely_benign,likely benign,2.0,
ROCK2 I41V,ROCK2,I,41,V,patient_population,,True,0,0,0,0,0/4,0,4,95.0,1,Tier 4,0.053,likely_benign,likely benign,1.0,
ROCK2 T431N,ROCK2,T,431,N,patient_population,,False,0,0,0,0,0/2,0,2,28.6,1,Tier 4,0.056,likely_benign,benign,0.0,
ROCK2 R1044Q,ROCK2,R,1044,Q,patient_population,,False,0,0,0,0,0/2,0,2,45.3,1,Tier 4,0.28,likely_benign,VUS (mid),0.0,
SHROOM3 L147H,SHROOM3,L,147,H,patient_population,,False,0,0,0,0,0/2,0,2,34.4,5,Tier 4,0.226,likely_benign,benign,0.0,
SHROOM3 H161Q,SHROOM3,H,161,Q,patient_population,,False,0,0,0,0,0/2,0,2,33.0,5,Tier 4,0.415,ambiguous,VUS (mid),0.0,
SHROOM3 H207Y,SHROOM3,H,207,Y,patient_population,,False,0,0,0,0,0/2,0,2,36.4,5,Tier 4,0.143,likely_benign,Benign,0.0,
SHROOM3 G279A,SHROOM3,G,279,A,patient_population,,False,0,0,0,0,0/2,0,2,32.5,5,Tier 4,0.09,likely_benign,benign,0.0,
SHROOM3 S325A,SHROOM3,S,325,A,patient_population,,False,0,0,0,0,0/2,0,2,31.9,5,Tier 4,0.089,likely_benign,Benign,0.0,
SHROOM3 R352Q,SHROOM3,R,352,Q,patient_population,,False,0,0,0,0,0/2,0,2,33.6,5,Tier 4,0.114,likely_benign,likely benign,0.0,
SHROOM3 S367R,SHROOM3,S,367,R,patient_population,,False,0,0,0,0,0/2,0,2,30.1,5,Tier 4,0.307,likely_benign,likely benign,0.0,
SHROOM3 L376I,SHROOM3,L,376,I,patient_population,,False,0,0,0,0,0/2,0,2,32.4,5,Tier 4,0.083,likely_benign,VUS (mid),0.0,
SHROOM3 T434A,SHROOM3,T,434,A,patient_population,,False,0,0,0,0,0/2,0,2,33.0,5,Tier 4,0.133,likely_benign,VUS (mid),0.0,
SHROOM3 K449R,SHROOM3,K,449,R,patient_population,,False,0,0,0,0,0/2,0,2,35.1,5,Tier 4,0.089,likely_benign,VUS (mid),0.0,
SHROOM3 P469A,SHROOM3,P,469,A,patient_population,,False,0,0,0,0,0/2,0,2,32.1,5,Tier 4,0.065,likely_benign,Benign,0.0,
SHROOM3 E564A,SHROOM3,E,564,A,patient_population,,False,0,0,0,0,0/2,0,2,34.3,5,Tier 4,0.146,likely_benign,Benign,0.0,
SHROOM3 S597Y,SHROOM3,S,597,Y,patient_population,,False,0,0,0,0,0/2,0,2,36.2,5,Tier 4,0.074,likely_benign,VUS (mid),0.0,
SHROOM3 L647P,SHROOM3,L,647,P,patient_population,,False,0,0,0,0,0/2,0,2,35.7,5,Tier 4,0.064,likely_benign,VUS(mid),0.0,
SHROOM3 K707R,SHROOM3,K,707,R,patient_population,,False,0,0,0,0,0/2,0,2,35.4,5,Tier 4,0.094,likely_benign,Likely benign,0.0,
SHROOM3 R718Q,SHROOM3,R,718,Q,patient_population,,False,0,0,0,0,0/2,0,2,36.4,5,Tier 4,0.095,likely_benign,benign,0.0,
SHROOM3 Q793P,SHROOM3,Q,793,P,patient_population,,False,0,0,0,0,0/2,0,2,41.8,5,Tier 4,0.116,likely_benign,likely benign,0.8,
SHROOM3 G869R,SHROOM3,G,869,R,patient_population,,False,0,0,0,0,0/2,0,2,31.6,5,Tier 4,0.082,likely_benign,likely benign,0.0,
SHROOM3 R1008H,SHROOM3,R,1008,H,patient_population,,False,0,0,0,0,0/2,0,2,32.3,5,Tier 4,0.438,ambiguous,VUS (mid),0.0,
SHROOM3 T1012N,SHROOM3,T,1012,N,patient_population,,True,0,0,0,0,0/4,0,4,51.7,5,Tier 4,0.202,likely_benign,benign,0.7,
SHROOM3 V1054L,SHROOM3,V,1054,L,patient_population,,False,0,0,0,0,0/2,0,2,44.0,5,Tier 4,0.436,ambiguous,benign,0.4,
SHROOM3 R1250C,SHROOM3,R,1250,C,patient_population,,False,0,0,0,0,0/2,0,2,33.3,5,Tier 4,0.09,likely_benign,VUS(mid),0.0,
SHROOM3 P1290L,SHROOM3,P,1290,L,patient_population,,False,0,0,0,0,0/2,0,2,32.9,5,Tier 4,0.084,likely_benign,benign,0.0,
SHROOM3 R1430Q,SHROOM3,R,1430,Q,patient_population,,False,0,0,0,0,0/2,0,2,34.8,5,Tier 4,0.08,likely_benign,benign,0.0,
SHROOM3 P1464S,SHROOM3,P,1464,S,patient_population,,False,0,0,0,0,0/2,0,2,31.6,5,Tier 4,0.109,likely_benign,VUS (low),0.0,
SHROOM3 T1481P,SHROOM3,T,1481,P,patient_population,,False,0,0,0,0,0/2,0,2,34.1,5,Tier 4,0.07,likely_benign,benign,0.0,
SHROOM3 E1507K,SHROOM3,E,1507,K,patient_population,,False,0,0,0,0,0/2,0,2,31.3,5,Tier 4,0.264,likely_benign,likely benign,0.0,
SHROOM3 A1557V,SHROOM3,A,1557,V,patient_population,,False,0,0,0,0,0/2,0,2,32.0,5,Tier 4,0.086,likely_benign,benign,0.0,
SHROOM3 Q1558P,SHROOM3,Q,1558,P,patient_population,,False,0,0,0,0,0/2,0,2,31.7,5,Tier 4,0.067,likely_benign,benign,0.0,
SHROOM3 M1585K,SHROOM3,M,1585,K,patient_population,,False,0,0,0,0,0/2,0,2,34.7,5,Tier 4,0.118,likely_benign,benign,0.0,
SHROOM3 V1620I,SHROOM3,V,1620,I,patient_population,,False,0,0,0,0,0/2,0,2,33.0,5,Tier 4,0.078,likely_benign,VUS (low),0.0,
SHROOM3 Q1623K,SHROOM3,Q,1623,K,patient_population,,False,0,0,0,0,0/2,0,2,32.3,5,Tier 4,0.113,likely_benign,likely benign,0.0,
SHROOM3 N1972D,SHROOM3,N,1972,D,patient_population,,True,0,0,0,0,0/4,0,4,51.4,5,Tier 4,0.053,likely_benign,benign,0.0,
TCF7L1 G12S,TCF7L1,G,12,S,patient_population,,False,0,0,0,0,0/2,0,2,44.6,1,Tier 4,,0.1203,benign,0.0,
TCF7L1 G14S,TCF7L1,G,14,S,patient_population,,False,0,0,0,0,0/2,0,2,45.4,1,Tier 4,,0.0974,VUS(mid),0.0,
TCF7L1 Q89H,TCF7L1,Q,89,H,patient_population,,False,0,0,0,0,0/2,0,2,36.5,1,Tier 4,,0.1525,VUS (mid),0.0,
TCF7L1 S141P,TCF7L1,S,141,P,patient_population,,False,0,0,0,0,0/2,0,2,39.6,1,Tier 4,,0.1508,VUS mid),0.0,
TCF7L1 S160T,TCF7L1,S,160,T,patient_population,,False,0,0,0,0,0/2,0,2,40.9,1,Tier 4,,0.0679,benign,0.0,
TCF7L1 L248I,TCF7L1,L,248,I,patient_population,,False,0,0,0,0,0/2,0,2,49.8,1,Tier 4,,0.2646,VUS (mid),0.0,
TCF7L1 P253S,TCF7L1,P,253,S,patient_population,,False,0,0,0,0,0/2,0,2,48.5,1,Tier 4,,0.1489,benign,0.0,
TCF7L1 G533R,TCF7L1,G,533,R,patient_population,,False,0,0,0,0,0/2,0,2,42.5,1,Tier 4,,0.2344,benign,0.0,
TCF7L1 Q538H,TCF7L1,Q,538,H,patient_population,,False,0,0,0,0,0/2,0,2,43.8,1,Tier 4,,0.0949,VUS (mid),0.0,
ZIC3 G17C,ZIC3,G,17,C,patient_population,,False,0,0,0,0,0/2,0,2,40.3,5,Tier 4,0.406,ambiguous,benign,0.0,
ZIC3 A21G,ZIC3,A,21,G,patient_population,,False,0,0,0,0,0/2,0,2,36.8,5,Tier 4,0.104,likely_benign,VUS (mid),0.0,
ZIC3 A62T,ZIC3,A,62,T,patient_population,,False,0,0,0,0,0/2,0,2,33.8,5,Tier 4,0.134,likely_benign,VUS (mid),0.0,
ZIC3 T98A,ZIC3,T,98,A,patient_population,,False,0,0,0,0,0/2,0,2,38.4,5,Tier 4,0.108,likely_benign,VUS (mid),0.0,
ZIC3 P102L,ZIC3,P,102,L,patient_population,,False,0,0,0,0,0/2,0,2,33.7,5,Tier 4,0.442,ambiguous,VUS (low),0.0,
ZIC3 S103T,ZIC3,S,103,T,patient_population,,False,0,0,0,0,0/2,0,2,33.8,5,Tier 4,0.138,likely_benign,VUS (mid),0.0,
ZIC3 S109C,ZIC3,S,109,C,patient_population,,False,0,0,0,0,0/2,0,2,32.8,5,Tier 4,0.277,likely_benign,likely benign,0.0,
ZIC3 S124G,ZIC3,S,124,G,patient_population,,False,0,0,0,0,0/2,0,2,37.1,5,Tier 4,0.083,likely_benign,VUS (mid),0.0,
ZIC3 G213S,ZIC3,G,213,S,patient_population,,False,0,0,0,0,0/2,0,2,36.3,5,Tier 4,0.124,likely_benign,VUS (mid),0.0,
