system,gene,ref_aa,alt_aa,position,role,phenotype,expected_ddg_monomer,expected_ddg_fold_complex,expected_ddg_binding,expected_topology,expected_ddg_value,evidence_axes,site_plddt_status,structure_source,notes,variant,position_mono_offset,position_multi_offset,position_mono,position_multi,monomer_plddt,monomer_aa_at_pos,monomer_aa_match,monomer_n_contacts,monomer_burial,monomer_structure_type,substitution_severity,grantham_distance,property_changes,multi_bard1_plddt,multi_bard1_inter_contacts,multi_bard1_is_interface,multi_bard1_burial,multi_bard1_aa_at_pos,multi_brca1_plddt,multi_brca1_inter_contacts,multi_brca1_is_interface,multi_brca1_burial,multi_brca1_aa_at_pos,multi_cacna1c_plddt,multi_cacna1c_inter_contacts,multi_cacna1c_is_interface,multi_cacna1c_burial,multi_cacna1c_aa_at_pos,multi_calm1_plddt,multi_calm1_inter_contacts,multi_calm1_is_interface,multi_calm1_burial,multi_calm1_aa_at_pos,multi_hba1_plddt,multi_hba1_inter_contacts,multi_hba1_is_interface,multi_hba1_burial,multi_hba1_aa_at_pos,multi_hba1_1_plddt,multi_hba1_1_inter_contacts,multi_hba1_1_is_interface,multi_hba1_1_burial,multi_hba1_1_aa_at_pos,multi_hba1_2_plddt,multi_hba1_2_inter_contacts,multi_hba1_2_is_interface,multi_hba1_2_burial,multi_hba1_2_aa_at_pos,multi_hbb_plddt,multi_hbb_inter_contacts,multi_hbb_is_interface,multi_hbb_burial,multi_hbb_aa_at_pos,multi_hbb_2_plddt,multi_hbb_2_inter_contacts,multi_hbb_2_is_interface,multi_hbb_2_burial,multi_hbb_2_aa_at_pos,multi_kras_plddt,multi_kras_inter_contacts,multi_kras_is_interface,multi_kras_burial,multi_kras_aa_at_pos,multi_mlh1_plddt,multi_mlh1_inter_contacts,multi_mlh1_is_interface,multi_mlh1_burial,multi_mlh1_aa_at_pos,multi_msh2_plddt,multi_msh2_inter_contacts,multi_msh2_is_interface,multi_msh2_burial,multi_msh2_aa_at_pos,multi_msh6_plddt,multi_msh6_inter_contacts,multi_msh6_is_interface,multi_msh6_burial,multi_msh6_aa_at_pos,multi_pik3ca_plddt,multi_pik3ca_inter_contacts,multi_pik3ca_is_interface,multi_pik3ca_burial,multi_pik3ca_aa_at_pos,multi_pik3r1_plddt,multi_pik3r1_inter_contacts,multi_pik3r1_is_interface,multi_pik3r1_burial,multi_pik3r1_aa_at_pos,multi_pms2_plddt,multi_pms2_inter_contacts,multi_pms2_is_interface,multi_pms2_burial,multi_pms2_aa_at_pos,multi_raf1_plddt,multi_raf1_inter_contacts,multi_raf1_is_interface,multi_raf1_burial,multi_raf1_aa_at_pos,multi_smad3_plddt,multi_smad3_inter_contacts,multi_smad3_is_interface,multi_smad3_burial,multi_smad3_aa_at_pos,multi_smad4_plddt,multi_smad4_inter_contacts,multi_smad4_is_interface,multi_smad4_burial,multi_smad4_aa_at_pos,multi_tceb1_plddt,multi_tceb1_inter_contacts,multi_tceb1_is_interface,multi_tceb1_burial,multi_tceb1_aa_at_pos,multi_tnnc1_plddt,multi_tnnc1_inter_contacts,multi_tnnc1_is_interface,multi_tnnc1_burial,multi_tnnc1_aa_at_pos,multi_tnni3_plddt,multi_tnni3_inter_contacts,multi_tnni3_is_interface,multi_tnni3_burial,multi_tnni3_aa_at_pos,multi_vhl_plddt,multi_vhl_inter_contacts,multi_vhl_is_interface,multi_vhl_burial,multi_vhl_aa_at_pos,multimer_plddt_max,multimer_plddt_min,best_plddt,ddg_monomer_confident,ddg_monomer,ddg_monomer_sd,ddg_monomer_runs,ddg_fold_bard1,ddg_fold_bard1_sd,ddg_binding_bard1,ddg_binding_bard1_sd,ddg_fold_brca1,ddg_fold_brca1_sd,ddg_binding_brca1,ddg_binding_brca1_sd,ddg_fold_cacna1c,ddg_fold_cacna1c_sd,ddg_binding_cacna1c,ddg_binding_cacna1c_sd,ddg_fold_calm1,ddg_fold_calm1_sd,ddg_binding_calm1,ddg_binding_calm1_sd,ddg_fold_hba1,ddg_fold_hba1_sd,ddg_binding_hba1,ddg_binding_hba1_sd,ddg_fold_hba1_1,ddg_fold_hba1_1_sd,ddg_binding_hba1_1,ddg_binding_hba1_1_sd,ddg_fold_hba1_2,ddg_fold_hba1_2_sd,ddg_binding_hba1_2,ddg_binding_hba1_2_sd,ddg_fold_hbb,ddg_fold_hbb_sd,ddg_binding_hbb,ddg_binding_hbb_sd,ddg_fold_hbb_2,ddg_fold_hbb_2_sd,ddg_binding_hbb_2,ddg_binding_hbb_2_sd,ddg_fold_kras,ddg_fold_kras_sd,ddg_binding_kras,ddg_binding_kras_sd,ddg_fold_mlh1,ddg_fold_mlh1_sd,ddg_binding_mlh1,ddg_binding_mlh1_sd,ddg_fold_msh2,ddg_fold_msh2_sd,ddg_binding_msh2,ddg_binding_msh2_sd,ddg_fold_msh6,ddg_fold_msh6_sd,ddg_binding_msh6,ddg_binding_msh6_sd,ddg_fold_pik3ca,ddg_fold_pik3ca_sd,ddg_binding_pik3ca,ddg_binding_pik3ca_sd,ddg_fold_pik3r1,ddg_fold_pik3r1_sd,ddg_binding_pik3r1,ddg_binding_pik3r1_sd,ddg_fold_pms2,ddg_fold_pms2_sd,ddg_binding_pms2,ddg_binding_pms2_sd,ddg_fold_raf1,ddg_fold_raf1_sd,ddg_binding_raf1,ddg_binding_raf1_sd,ddg_fold_smad3,ddg_fold_smad3_sd,ddg_binding_smad3,ddg_binding_smad3_sd,ddg_fold_smad4,ddg_fold_smad4_sd,ddg_binding_smad4,ddg_binding_smad4_sd,ddg_fold_tceb1,ddg_fold_tceb1_sd,ddg_binding_tceb1,ddg_binding_tceb1_sd,ddg_fold_tnnc1,ddg_fold_tnnc1_sd,ddg_binding_tnnc1,ddg_binding_tnnc1_sd,ddg_fold_tnni3,ddg_fold_tnni3_sd,ddg_binding_tnni3,ddg_binding_tnni3_sd,ddg_fold_vhl,ddg_fold_vhl_sd,ddg_binding_vhl,ddg_binding_vhl_sd,foldx_errors,ddg_bard1_confident,ddg_brca1_confident,ddg_cacna1c_confident,ddg_calm1_confident,ddg_hba1_confident,ddg_hba1_1_confident,ddg_hba1_2_confident,ddg_hbb_confident,ddg_hbb_2_confident,ddg_kras_confident,ddg_mlh1_confident,ddg_msh2_confident,ddg_msh6_confident,ddg_pik3ca_confident,ddg_pik3r1_confident,ddg_pms2_confident,ddg_raf1_confident,ddg_smad3_confident,ddg_smad4_confident,ddg_tceb1_confident,ddg_tnnc1_confident,ddg_tnni3_confident,ddg_vhl_confident,mavis_score,mavis_score_evidence,contact_disruption,total_contacts,max_inter_contacts,best_inter_partner,best_burial,best_burial_source,interface_partners_gated,n_interface_partners_gated,mavis_tier,structure_evaluable,multimer_evaluable,ddg_evaluable,mavis_mechanism,mavis_mechanism_partner,mavis_external_evidence_flag,ddg_binding_bard1_indistinguishable,ddg_binding_brca1_indistinguishable,ddg_binding_cacna1c_indistinguishable,ddg_binding_calm1_indistinguishable,ddg_binding_hba1_indistinguishable,ddg_binding_hba1_1_indistinguishable,ddg_binding_hba1_2_indistinguishable,ddg_binding_hbb_indistinguishable,ddg_binding_hbb_2_indistinguishable,ddg_binding_kras_indistinguishable,ddg_binding_mlh1_indistinguishable,ddg_binding_msh2_indistinguishable,ddg_binding_msh6_indistinguishable,ddg_binding_pik3ca_indistinguishable,ddg_binding_pik3r1_indistinguishable,ddg_binding_pms2_indistinguishable,ddg_binding_raf1_indistinguishable,ddg_binding_smad3_indistinguishable,ddg_binding_smad4_indistinguishable,ddg_binding_tceb1_indistinguishable,ddg_binding_tnnc1_indistinguishable,ddg_binding_tnni3_indistinguishable,ddg_binding_vhl_indistinguishable,mavis_mechanism_corrected,mavis_mechanism_partner_corrected,mavis_external_evidence_flag_corrected
brca1_bard1,brca1,V,G,11,pathogenic,pathogenic,unknown,unknown,destab,at_interface,,binding,crystal,1JM7.pdb,Clark 2022 M2H: moderate BARD1 binding loss. Interface variant.,V11G,0,0,11,11,87.51,V,True,6,surface_exposed,AF,2.027906976744186,109,hydrophobic:True->False,100.0,5.0,True,,V,,,False,,,,,False,,,,,False,,,,,False,,,,,False,,,,,False,,,,,False,,,,,False,,,,,False,,,,,False,,,,,False,,,,,False,,,,,False,,,,,False,,,,,False,,,,,False,,,,,False,,,,,False,,,,,False,,,,,False,,,,,False,,,,,False,,,100.0,100.0,100.0,True,1.1798,0.0435,"[1.21094, 1.10724, 1.21068, 1.19801, 1.17214]",3.2927,0.0039,2.3057,0.0026,,,,,,,,,,,,,,,,,,,,,,,,,,,,,,,,,,,,,,,,,,,,,,,,,,,,,,,,,,,,,,,,,,,,,,,,,,,,,,,,,,,,,,,,,,True,False,False,False,False,False,False,False,False,False,False,False,False,False,False,False,False,False,False,False,False,False,False,5.5,disruption(22.3);interface(bard1),22.31,11.0,5.0,bard1,surface_exposed,monomer,bard1,1,Tier 1,True,True,False,Fold + PPI destabilization,bard1,False,False,False,False,False,False,False,False,False,False,False,False,False,False,False,False,False,False,False,False,False,False,False,False,Fold + PPI destabilization,bard1,False
brca1_bard1,brca1,C,G,61,mechanism_control,pathogenic,destab,destab,neutral,away_from_interface,,both,crystal,1JM7.pdb,"GOLD STANDARD fold-destabilizer. Zn coordination loss, BARD1 binding preserved.",C61G,0,0,61,61,90.05,C,True,9,buried_core,AF,2.958139534883721,159,hydrophobic:True->False,100.0,0.0,False,,C,,,False,,,,,False,,,,,False,,,,,False,,,,,False,,,,,False,,,,,False,,,,,False,,,,,False,,,,,False,,,,,False,,,,,False,,,,,False,,,,,False,,,,,False,,,,,False,,,,,False,,,,,False,,,,,False,,,,,False,,,,,False,,,,,False,,,100.0,100.0,100.0,True,2.1338,0.1443,"[2.03576, 2.22769, 2.07839, 1.99049, 2.33687]",6.782,0.0564,-0.0318,0.0136,,,,,,,,,,,,,,,,,,,,,,,,,,,,,,,,,,,,,,,,,,,,,,,,,,,,,,,,,,,,,,,,,,,,,,,,,,,,,,,,,,,,,,,,,,True,False,False,False,False,False,False,False,False,False,False,False,False,False,False,False,False,False,False,False,False,False,False,6.0,disruption(26.6);buried_core(monomer),26.62,9.0,0.0,,buried_core,monomer,,0,Tier 1,True,True,False,Fold destabilization,,False,True,False,False,False,False,False,False,False,False,False,False,False,False,False,False,False,False,False,False,False,False,False,False,Fold destabilization,,False
brca1_bard1,brca1,K,R,45,benign,benign,neutral,neutral,neutral,away_from_interface,,binding,crystal,1JM7.pdb,Strong benign control. Starita 2015 Y2H WT-like.,K45R,0,0,45,45,90.28,K,True,8,partially_buried,AF,0.4837209302325581,26,none,100.0,0.0,False,,K,,,False,,,,,False,,,,,False,,,,,False,,,,,False,,,,,False,,,,,False,,,,,False,,,,,False,,,,,False,,,,,False,,,,,False,,,,,False,,,,,False,,,,,False,,,,,False,,,,,False,,,,,False,,,,,False,,,,,False,,,,,False,,,,,False,,,100.0,100.0,100.0,True,-0.7779,0.5355,"[-0.482673, -1.58259, -0.338756, -0.413428, -1.07214]",-0.2599,0.1491,-0.0029,0.013,,,,,,,,,,,,,,,,,,,,,,,,,,,,,,,,,,,,,,,,,,,,,,,,,,,,,,,,,,,,,,,,,,,,,,,,,,,,,,,,,,,,,,,,,,True,False,False,False,False,False,False,False,False,False,False,False,False,False,False,False,False,False,False,False,False,False,False,2.0,disruption(3.9);partially_buried(monomer),3.87,8.0,0.0,,partially_buried,monomer,,0,Tier 3,True,True,False,No structural effect detected,,False,True,False,False,False,False,False,False,False,False,False,False,False,False,False,False,False,False,False,False,False,False,False,False,No structural effect detected,,False
brca1_bard1,brca1,E,Q,100,benign,benign,neutral,neutral,neutral,away_from_interface,,binding,crystal,1JM7.pdb,Strong benign control. Starita 2015 Y2H WT-like.,E100Q,0,0,100,100,70.5,E,True,1,surface_exposed,AF,0.5395348837209303,29,charge:negative->neutral,100.0,0.0,False,,E,,,False,,,,,False,,,,,False,,,,,False,,,,,False,,,,,False,,,,,False,,,,,False,,,,,False,,,,,False,,,,,False,,,,,False,,,,,False,,,,,False,,,,,False,,,,,False,,,,,False,,,,,False,,,,,False,,,,,False,,,,,False,,,,,False,,,100.0,100.0,100.0,True,-0.3331,0.0334,"[-0.305583, -0.361205, -0.302866, -0.319971, -0.375917]",-0.1603,0.0111,0.0,0.0,,,,,,,,,,,,,,,,,,,,,,,,,,,,,,,,,,,,,,,,,,,,,,,,,,,,,,,,,,,,,,,,,,,,,,,,,,,,,,,,,,,,,,,,,,True,False,False,False,False,False,False,False,False,False,False,False,False,False,False,False,False,False,False,False,False,False,False,0.0,no_disruption(0.5),0.54,1.0,0.0,,surface_exposed,monomer,,0,Tier 4,True,True,False,No structural effect detected,,False,True,False,False,False,False,False,False,False,False,False,False,False,False,False,False,False,False,False,False,False,False,False,False,No structural effect detected,,False
pi3k,pik3ca,E,K,542,pathogenic,pathogenic_gof,neutral,destab,destab,at_interface,,binding,confident,fold_pik3ca_pik3r1_model_0.pdb,Helical hotspot. Disrupts nSH2 inhibitory contact (Zhao & Vogt 2008).,E542K,0,0,542,542,93.57,E,True,2,surface_exposed,AF,1.041860465116279,56,size:medium->large;charge:negative->positive,,,False,,,,,False,,,,,False,,,,,False,,,,,False,,,,,False,,,,,False,,,,,False,,,,,False,,,,,False,,,,,False,,,,,False,,,,,False,,,,,False,,,89.66,5.0,True,,E,,,False,,,,,False,,,,,False,,,,,False,,,,,False,,,,,False,,,,,False,,,,,False,,,89.66,89.66,93.57,True,0.0062,0.04,"[-0.00973862, 0.0204444, -0.00459158, 0.0660359, -0.041324]",,,,,,,,,,,,,,,,,,,,,,,,,,,,,,,,,,,,,,,,,,,,,,,,,,,,,,,,,3.1544,0.2292,-0.6157,0.7173,,,,,,,,,,,,,,,,,,,,,,,,,,,,,,,,,,False,False,False,False,False,False,False,False,False,False,False,False,False,False,True,False,False,False,False,False,False,False,False,3.5,disruption(7.3);interface(pik3r1),7.29,7.0,5.0,pik3r1,surface_exposed,monomer,pik3r1,1,Tier 2,True,True,False,Fold destabilization at interface,,False,False,False,False,False,False,False,False,False,False,False,False,False,False,False,False,False,False,False,False,False,False,False,False,Fold destabilization at interface,,False
pi3k,pik3ca,E,K,545,pathogenic,pathogenic_gof,neutral,destab,destab,at_interface,,binding,confident,fold_pik3ca_pik3r1_model_0.pdb,Same helical hotspot as E542K (Zhao & Vogt 2008).,E545K,0,0,545,545,97.33,E,True,3,surface_exposed,AF,1.041860465116279,56,size:medium->large;charge:negative->positive,,,False,,,,,False,,,,,False,,,,,False,,,,,False,,,,,False,,,,,False,,,,,False,,,,,False,,,,,False,,,,,False,,,,,False,,,,,False,,,,,False,,,93.64,5.0,True,,E,,,False,,,,,False,,,,,False,,,,,False,,,,,False,,,,,False,,,,,False,,,,,False,,,93.64,93.64,97.33,True,0.179,0.0342,"[0.233639, 0.178148, 0.151037, 0.149158, 0.182796]",,,,,,,,,,,,,,,,,,,,,,,,,,,,,,,,,,,,,,,,,,,,,,,,,,,,,,,,,1.8925,0.4612,-4.6348,0.4617,,,,,,,,,,,,,,,,,,,,,,,,,,,,,,,,,,False,False,False,False,False,False,False,False,False,False,False,False,False,False,True,False,False,False,False,False,False,False,False,3.5,disruption(8.3);interface(pik3r1),8.33,8.0,5.0,pik3r1,surface_exposed,monomer,pik3r1,1,Tier 2,True,True,False,Fold destab. + PPI stabilization (conflicting),pik3r1,False,False,False,False,False,False,False,False,False,False,False,False,False,False,False,False,False,False,False,False,False,False,False,False,Fold destab. + PPI stabilization (conflicting),pik3r1,False
pi3k,pik3ca,H,R,1047,mechanism_control,pathogenic_gof,neutral,neutral,neutral,away_from_interface,,binding,confident,fold_pik3ca_pik3r1_model_0.pdb,Kinase C-lobe GoF. Structurally silent for p85 binding (Mandelker 2009). Now evaluable with WT AF multimer.,H1047R,0,0,1047,1047,75.41,H,True,8,buried_core,AF,0.5395348837209303,29,size:medium->large,,,False,,,,,False,,,,,False,,,,,False,,,,,False,,,,,False,,,,,False,,,,,False,,,,,False,,,,,False,,,,,False,,,,,False,,,,,False,,,,,False,,,72.1,0.0,False,,H,,,False,,,,,False,,,,,False,,,,,False,,,,,False,,,,,False,,,,,False,,,,,False,,,72.1,72.1,75.41,True,-1.5867,0.5009,"[-1.81447, -0.843339, -1.82966, -2.11227, -1.33372]",,,,,,,,,,,,,,,,,,,,,,,,,,,,,,,,,,,,,,,,,,,,,,,,,,,,,,,,,2.321,0.7134,-0.386,0.184,,,,,,,,,,,,,,,,,,,,,,,,,,,,,,,,,,False,False,False,False,False,False,False,False,False,False,False,False,False,False,True,False,False,False,False,False,False,False,False,4.0,disruption(4.3);buried_core(monomer),4.32,8.0,0.0,,buried_core,monomer,,0,Tier 2,True,True,False,Fold destabilization,,False,False,False,False,False,False,False,False,False,False,False,False,False,False,False,True,False,False,False,False,False,False,False,False,Fold destabilization,,False
pi3k,pik3r1,N,D,564,pathogenic,pathogenic,neutral,neutral,neutral,at_interface,,binding,confident,fold_pik3ca_pik3r1_model_0.pdb,"LABEL CORRECTION. Wu/Jaiswal 2009: RETAINS p110 binding, loses inhibition. Allosteric mechanism, not interface disruption. Pipeline should call interface variant (DDG neutral) or similar.",N564D,0,0,564,564,89.1,N,True,5,partially_buried,AF,0.427906976744186,23,charge:neutral->negative,,,False,,,,,False,,,,,False,,,,,False,,,,,False,,,,,False,,,,,False,,,,,False,,,,,False,,,,,False,,,,,False,,,,,False,,,,,False,,,95.93,6.0,True,,N,,,False,,,,,False,,,,,False,,,,,False,,,,,False,,,,,False,,,,,False,,,,,False,,,,,False,,,95.93,95.93,95.93,True,2.1325,0.5089,"[2.4303, 1.75435, 1.63214, 2.86178, 1.98376]",,,,,,,,,,,,,,,,,,,,,,,,,,,,,,,,,,,,,,,,,,,,,,,,,,,,,3.7317,0.3854,3.0957,0.1572,,,,,,,,,,,,,,,,,,,,,,,,,,,,,,,,,,,,,,False,False,False,False,False,False,False,False,False,False,False,False,False,True,False,False,False,False,False,False,False,False,False,4.5,disruption(4.7);interface(pik3ca);partially_buried(monomer),4.71,11.0,6.0,pik3ca,partially_buried,monomer,pik3ca,1,Tier 2,True,True,False,Fold + PPI destabilization,pik3ca,False,False,False,False,False,False,False,False,False,False,False,False,False,False,False,False,False,False,False,False,False,False,False,False,Fold + PPI destabilization,pik3ca,False
pi3k,pik3r1,M,I,326,benign,benign,neutral,neutral,neutral,away_from_interface,,population,confident,fold_pik3ca_pik3r1_model_0.pdb,rs3730089 MAF >10%. Strong benign control.,M326I,0,0,326,326,85.82,M,True,5,surface_exposed,AF,0.1860465116279069,10,none,,,False,,,,,False,,,,,False,,,,,False,,,,,False,,,,,False,,,,,False,,,,,False,,,,,False,,,,,False,,,,,False,,,,,False,,,,,False,,,82.2,0.0,False,,M,,,False,,,,,False,,,,,False,,,,,False,,,,,False,,,,,False,,,,,False,,,,,False,,,,,False,,,82.2,82.2,85.82,True,0.4337,0.0446,"[0.423333, 0.415518, 0.512129, 0.40132, 0.416049]",,,,,,,,,,,,,,,,,,,,,,,,,,,,,,,,,,,,,,,,,,,,,,,,,,,,,0.263,0.022,0.0,0.0,,,,,,,,,,,,,,,,,,,,,,,,,,,,,,,,,,,,,,False,False,False,False,False,False,False,False,False,False,False,False,False,True,False,False,False,False,False,False,False,False,False,0.0,no_disruption(0.9),0.93,5.0,0.0,,surface_exposed,monomer,,0,Tier 4,True,True,False,No structural effect detected,,False,False,False,False,False,False,False,False,False,False,False,False,False,False,True,False,False,False,False,False,False,False,False,False,No structural effect detected,,False
mlh1_pms2,mlh1,Q,L,542,pathogenic,pathogenic,unknown,unknown,destab,at_interface,,binding,confident,fold_mlh1_pms2_model_0.pdb,"Kosinski 2010: PMS2 co-IP 54%, MMR 44%. Binding disruptor.",Q542L,0,0,542,542,98.38,Q,True,9,surface_exposed,AF,2.1023255813953488,113,hydrophobic:False->True,,,False,,,,,False,,,,,False,,,,,False,,,,,False,,,,,False,,,,,False,,,,,False,,,,,False,,,,,False,,,,,False,,,,,False,,,,,False,,,,,False,,,,,False,,,88.96,2.0,True,,Q,,,False,,,,,False,,,,,False,,,,,False,,,,,False,,,,,False,,,,,False,,,88.96,88.96,98.38,True,-0.7965,0.0351,"[-0.797395, -0.778313, -0.755359, -0.801441, -0.850237]",,,,,,,,,,,,,,,,,,,,,,,,,,,,,,,,,,,,,,,,,,,,,,,,,,,,,,,,,,,,,1.0732,0.2585,-0.3927,0.0566,,,,,,,,,,,,,,,,,,,,,,,,,,,,,,False,False,False,False,False,False,False,False,False,False,False,False,False,False,False,True,False,False,False,False,False,False,False,5.5,disruption(23.1);interface(pms2),23.13,11.0,2.0,pms2,surface_exposed,monomer,pms2,1,Tier 1,True,True,False,Fold destabilization at interface,,False,False,False,False,False,False,False,False,False,False,False,False,False,False,False,False,False,False,False,False,False,False,False,False,Fold destabilization at interface,,False
mlh1_pms2,mlh1,L,P,749,pathogenic,pathogenic,unknown,destab,destab,at_interface,,binding,confident,fold_mlh1_pms2_model_0.pdb,"Kosinski 2010: PMS2 co-IP 30%, MMR 33%. Pro→Leu likely destabilizes fold too. ANCHOR.",L749P,0,0,749,749,89.59,L,True,5,surface_exposed,AF,1.8232558139534885,98,size:medium->small;hydrophobic:True->False,,,False,,,,,False,,,,,False,,,,,False,,,,,False,,,,,False,,,,,False,,,,,False,,,,,False,,,,,False,,,,,False,,,,,False,,,,,False,,,,,False,,,,,False,,,79.67,4.0,True,,L,,,False,,,,,False,,,,,False,,,,,False,,,,,False,,,,,False,,,,,False,,,79.67,79.67,89.59,True,0.9511,0.0842,"[0.993137, 1.02322, 0.843561, 0.877821, 1.01772]",,,,,,,,,,,,,,,,,,,,,,,,,,,,,,,,,,,,,,,,,,,,,,,,,,,,,,,,,,,,,5.1714,0.4593,1.9563,0.6158,,,,,,,,,,,,,,,,,,,,,,,,,,,,,,False,False,False,False,False,False,False,False,False,False,False,False,False,False,False,True,False,False,False,False,False,False,False,4.5,disruption(16.4);interface(pms2),16.41,9.0,4.0,pms2,surface_exposed,monomer,pms2,1,Tier 2,True,True,False,Fold + PPI destabilization,pms2,False,False,False,False,False,False,False,False,False,False,False,False,False,False,False,False,False,False,False,False,False,False,False,False,Fold + PPI destabilization,pms2,False
mlh1_pms2,mlh1,R,W,755,mechanism_control,pathogenic,destab,destab,neutral,at_interface,,both,partial,fold_mlh1_pms2_model_0.pdb,MECHANISM TEST CASE. MAVE-confirmed: fold destab (abundance -0.334) + binding preserved (interaction +0.617). Kosinski co-IP 82%. pLDDT=57.3.,R755W,0,0,755,755,82.71,R,True,2,surface_exposed,AF,1.8790697674418604,101,charge:positive->neutral;hydrophobic:False->True,,,False,,,,,False,,,,,False,,,,,False,,,,,False,,,,,False,,,,,False,,,,,False,,,,,False,,,,,False,,,,,False,,,,,False,,,,,False,,,,,False,,,,,False,,,57.33,5.0,True,,R,,,False,,,,,False,,,,,False,,,,,False,,,,,False,,,,,False,,,,,False,,,57.33,57.33,82.71,True,0.9673,0.1677,"[1.06946, 1.02648, 1.04543, 1.02625, 0.668947]",,,,,,,,,,,,,,,,,,,,,,,,,,,,,,,,,,,,,,,,,,,,,,,,,,,,,,,,,,,,,-0.9432,1.0198,-9.6643,2.5782,,,,,,,,,,,,,,,,,,,,,,,,,,,,,,False,False,False,False,False,False,False,False,False,False,False,False,False,False,False,True,False,False,False,False,False,False,False,4.5,disruption(13.2);interface(pms2),13.15,7.0,5.0,pms2,surface_exposed,monomer,pms2,1,Tier 2,True,True,False,PPI stabilization,pms2,False,False,False,False,False,False,False,False,False,False,False,False,False,False,False,False,False,False,False,False,False,False,False,False,PPI stabilization,pms2,False
mlh1_pms2,mlh1,V,D,384,benign,benign,neutral,neutral,neutral,away_from_interface,,functional,partial,fold_mlh1_pms2_model_0.pdb,ROLE SHIFT per audit: InSiGHT reclassified NOT pathogenic. rs63750447 ~8.9% East Asian. pLDDT=68.5.,V384D,0,0,384,384,53.57,V,True,0,surface_exposed,AF,2.827906976744186,152,size:small->medium;charge:neutral->negative;hydrophobic:True->False,,,False,,,,,False,,,,,False,,,,,False,,,,,False,,,,,False,,,,,False,,,,,False,,,,,False,,,,,False,,,,,False,,,,,False,,,,,False,,,,,False,,,,,False,,,68.55,1.0,True,,V,,,False,,,,,False,,,,,False,,,,,False,,,,,False,,,,,False,,,,,False,,,68.55,68.55,68.55,True,-0.8679,0.0353,"[-0.898581, -0.861904, -0.900298, -0.864823, -0.81368]",,,,,,,,,,,,,,,,,,,,,,,,,,,,,,,,,,,,,,,,,,,,,,,,,,,,,,,,,,,,,1.1253,0.1136,-1.5634,0.1678,,,,,,,,,,,,,,,,,,,,,,,,,,,,,,False,False,False,False,False,False,False,False,False,False,False,False,False,False,False,True,False,False,False,False,False,False,False,1.75,disruption(2.8);interface(pms2);low_plddt(68),2.83,1.0,1.0,pms2,surface_exposed,monomer,pms2,1,Tier 3,True,True,False,Fold destab. + PPI stabilization (conflicting),pms2,False,False,False,False,False,False,False,False,False,False,False,False,False,False,False,False,False,False,False,False,False,False,False,False,Fold destab. + PPI stabilization (conflicting),pms2,False
mlh1_pms2,pms2,G,A,857,benign,benign,neutral,neutral,neutral,away_from_interface,,population,confident,fold_mlh1_pms2_model_0.pdb,gnomAD AF=28%. ClinVar BA1 benign.,G857A,0,0,857,857,87.64,G,True,4,partially_buried,AF,1.1162790697674418,60,hydrophobic:False->True,,,False,,,,,False,,,,,False,,,,,False,,,,,False,,,,,False,,,,,False,,,,,False,,,,,False,,,,,False,,,71.02,2.0,True,,G,,,False,,,,,False,,,,,False,,,,,False,,,,,False,,,,,False,,,,,False,,,,,False,,,,,False,,,,,False,,,,,False,,,,,False,,,71.02,71.02,87.64,True,-0.8024,0.0003,"[-0.803023, -0.802295, -0.802295, -0.802295, -0.802295]",,,,,,,,,,,,,,,,,,,,,,,,,,,,,,,,,,,,,,,,,-0.9481,0.159,-0.0015,0.1281,,,,,,,,,,,,,,,,,,,,,,,,,,,,,,,,,,,,,,,,,,,,,,,,,,False,False,False,False,False,False,False,False,False,False,True,False,False,False,False,False,False,False,False,False,False,False,False,4.5,disruption(6.7);interface(mlh1);partially_buried(monomer),6.7,6.0,2.0,mlh1,partially_buried,monomer,mlh1,1,Tier 2,True,True,False,Interface variant (DDG neutral),,False,False,False,False,False,False,False,False,False,False,False,False,False,False,False,False,False,False,False,False,False,False,False,False,Interface variant (DDG neutral),,False
mlh1_pms2,mlh1,H,Y,718,benign,benign,neutral,neutral,neutral,away_from_interface,,functional,confident,fold_mlh1_pms2_model_0.pdb,Raevaara 2013: proficient MMR.,H718Y,0,0,718,718,97.1,H,True,5,surface_exposed,AF,1.544186046511628,83,size:medium->large;charge:positive->neutral,,,False,,,,,False,,,,,False,,,,,False,,,,,False,,,,,False,,,,,False,,,,,False,,,,,False,,,,,False,,,,,False,,,,,False,,,,,False,,,,,False,,,,,False,,,87.7,0.0,False,,H,,,False,,,,,False,,,,,False,,,,,False,,,,,False,,,,,False,,,,,False,,,87.7,87.7,97.1,True,-0.83,0.0125,"[-0.821893, -0.850672, -0.819149, -0.826872, -0.831438]",,,,,,,,,,,,,,,,,,,,,,,,,,,,,,,,,,,,,,,,,,,,,,,,,,,,,,,,,,,,,-1.2012,0.3626,-0.0011,0.0064,,,,,,,,,,,,,,,,,,,,,,,,,,,,,,False,False,False,False,False,False,False,False,False,False,False,False,False,False,False,True,False,False,False,False,False,False,False,2.0,disruption(7.7),7.72,5.0,0.0,,surface_exposed,monomer,,0,Tier 3,True,True,False,Fold stabilization,,False,False,False,False,False,False,False,False,False,False,False,False,False,False,False,False,True,False,False,False,False,False,False,False,Fold stabilization,,False
mlh1_pms2,mlh1,K,E,618,benign,benign,neutral,neutral,neutral,away_from_interface,,functional,confident,fold_mlh1_pms2_model_0.pdb,Drost 2019: nondamaging.,K618E,0,0,618,618,98.27,K,True,5,partially_buried,AF,1.041860465116279,56,size:large->medium;charge:positive->negative,,,False,,,,,False,,,,,False,,,,,False,,,,,False,,,,,False,,,,,False,,,,,False,,,,,False,,,,,False,,,,,False,,,,,False,,,,,False,,,,,False,,,,,False,,,84.75,0.0,False,,K,,,False,,,,,False,,,,,False,,,,,False,,,,,False,,,,,False,,,,,False,,,84.75,84.75,98.27,True,1.0894,0.0151,"[1.08433, 1.11611, 1.08532, 1.07903, 1.08223]",,,,,,,,,,,,,,,,,,,,,,,,,,,,,,,,,,,,,,,,,,,,,,,,,,,,,,,,,,,,,1.1737,0.1158,-0.2715,0.2371,,,,,,,,,,,,,,,,,,,,,,,,,,,,,,False,False,False,False,False,False,False,False,False,False,False,False,False,False,False,True,False,False,False,False,False,False,False,3.0,disruption(5.2);partially_buried(monomer),5.21,5.0,0.0,,partially_buried,monomer,,0,Tier 2,True,True,False,Fold destabilization,,False,False,False,False,False,False,False,False,False,False,False,False,False,False,False,False,True,False,False,False,False,False,False,False,Fold destabilization,,False
msh2_msh6,msh2,G,R,674,mechanism_control,pathogenic,unknown,unknown,neutral,away_from_interface,,binding,confident,fold_msh2_msh6_model_0.pdb,"RECLASSIFIED mechanism_control. Walker A ATPase motif. Jia 2021: MSH6 binding preserved, MMR lost via ATPase. Pipeline should NOT call binding disruption.",G674R,0,0,674,674,93.43,G,True,5,partially_buried,AF,2.3255813953488373,125,size:small->large;charge:neutral->positive,,,False,,,,,False,,,,,False,,,,,False,,,,,False,,,,,False,,,,,False,,,,,False,,,,,False,,,,,False,,,,,False,,,,,False,,,79.88,0.0,False,,G,,,False,,,,,False,,,,,False,,,,,False,,,,,False,,,,,False,,,,,False,,,,,False,,,,,False,,,,,False,,,79.88,79.88,93.43,True,3.9881,0.5288,"[4.18212, 4.6271, 3.37823, 4.24769, 3.50531]",,,,,,,,,,,,,,,,,,,,,,,,,,,,,,,,,,,,,,,,,,,,,,,,,2.8908,0.5025,0.9677,0.0101,,,,,,,,,,,,,,,,,,,,,,,,,,,,,,,,,,,,,,,,,,False,False,False,False,False,False,False,False,False,False,False,False,True,False,False,False,False,False,False,False,False,False,False,4.0,disruption(11.6);partially_buried(monomer),11.63,5.0,0.0,,partially_buried,monomer,,0,Tier 2,True,True,False,Fold destabilization,,False,False,False,False,False,False,False,False,False,False,False,False,False,True,False,False,False,False,False,False,False,False,False,False,Fold destabilization,,False
msh2_msh6,msh2,A,P,636,pathogenic,pathogenic,destab,destab,unknown,away_from_interface,,monomer,confident,fold_msh2_msh6_model_0.pdb,"LABEL CORRECTION: split from C697F. Ollila 2006: 7.1% MMR, Lützen proteasome rescue confirms fold destabilization.",A636P,0,0,636,636,97.71,A,True,6,partially_buried,AF,0.5023255813953489,27,hydrophobic:True->False,,,False,,,,,False,,,,,False,,,,,False,,,,,False,,,,,False,,,,,False,,,,,False,,,,,False,,,,,False,,,,,False,,,,,False,,,84.58,0.0,False,,A,,,False,,,,,False,,,,,False,,,,,False,,,,,False,,,,,False,,,,,False,,,,,False,,,,,False,,,,,False,,,84.58,84.58,97.71,True,4.8866,0.1741,"[4.90034, 4.73206, 4.88567, 4.74867, 5.16605]",,,,,,,,,,,,,,,,,,,,,,,,,,,,,,,,,,,,,,,,,,,,,,,,,5.3805,0.1053,0.9592,0.0,,,,,,,,,,,,,,,,,,,,,,,,,,,,,,,,,,,,,,,,,,False,False,False,False,False,False,False,False,False,False,False,False,True,False,False,False,False,False,False,False,False,False,False,2.0,disruption(3.0);partially_buried(monomer),3.01,6.0,0.0,,partially_buried,monomer,,0,Tier 3,True,True,False,Fold destabilization,,False,False,False,False,False,False,False,False,False,False,False,False,False,True,False,False,False,False,False,False,False,False,False,False,Fold destabilization,,False
msh2_msh6,msh2,C,F,697,mechanism_control,pathogenic,neutral,neutral,unknown,away_from_interface,,monomer,confident,fold_msh2_msh6_model_0.pdb,"LABEL CORRECTION: split from A636P. Ollila 2006: 8.3% MMR but protein-stable. Catalytic defect, structurally silent.",C697F,0,0,697,697,98.0,C,True,10,buried_core,AF,3.813953488372093,205,size:small->large,,,False,,,,,False,,,,,False,,,,,False,,,,,False,,,,,False,,,,,False,,,,,False,,,,,False,,,,,False,,,,,False,,,,,False,,,81.5,0.0,False,,C,,,False,,,,,False,,,,,False,,,,,False,,,,,False,,,,,False,,,,,False,,,,,False,,,,,False,,,,,False,,,81.5,81.5,98.0,True,13.2941,0.2767,"[13.3667, 13.544, 12.8939, 13.5269, 13.1389]",,,,,,,,,,,,,,,,,,,,,,,,,,,,,,,,,,,,,,,,,,,,,,,,,15.2559,0.5912,0.9592,0.0,,,,,,,,,,,,,,,,,,,,,,,,,,,,,,,,,,,,,,,,,,False,False,False,False,False,False,False,False,False,False,False,False,True,False,False,False,False,False,False,False,False,False,False,6.0,disruption(38.1);buried_core(monomer),38.14,10.0,0.0,,buried_core,monomer,,0,Tier 1,True,True,False,Fold destabilization,,False,False,False,False,False,False,False,False,False,False,False,False,False,True,False,False,False,False,False,False,False,False,False,False,Fold destabilization,,False
msh2_msh6,msh2,N,S,127,benign,benign,neutral,neutral,neutral,away_from_interface,,binding,confident,fold_msh2_msh6_model_0.pdb,Ollila 2008: IP for MSH6 + bandshift + MMR all WT-like. ANCHOR.,N127S,0,0,127,127,90.39,N,True,8,partially_buried,AF,0.8558139534883721,46,size:medium->small,,,False,,,,,False,,,,,False,,,,,False,,,,,False,,,,,False,,,,,False,,,,,False,,,,,False,,,,,False,,,,,False,,,,,False,,,76.2,0.0,False,,N,,,False,,,,,False,,,,,False,,,,,False,,,,,False,,,,,False,,,,,False,,,,,False,,,,,False,,,,,False,,,76.2,76.2,90.39,True,1.4817,0.0567,"[1.46353, 1.423, 1.57428, 1.48737, 1.4602]",,,,,,,,,,,,,,,,,,,,,,,,,,,,,,,,,,,,,,,,,,,,,,,,,-0.0316,0.0068,0.9592,0.0,,,,,,,,,,,,,,,,,,,,,,,,,,,,,,,,,,,,,,,,,,False,False,False,False,False,False,False,False,False,False,False,False,True,False,False,False,False,False,False,False,False,False,False,3.0,disruption(6.8);partially_buried(monomer),6.85,8.0,0.0,,partially_buried,monomer,,0,Tier 2,True,True,False,Fold destabilization,,False,False,False,False,False,False,False,False,False,False,False,False,False,True,False,False,False,False,False,False,False,False,False,False,Fold destabilization,,False
msh2_msh6,msh2,G,D,322,benign,benign,neutral,neutral,neutral,away_from_interface,,binding,confident,fold_msh2_msh6_model_0.pdb,Ollila 2008 + gnomAD 1.9%. ANCHOR.,G322D,0,0,322,322,49.5,G,True,1,surface_exposed,AF,1.7488372093023257,94,size:small->medium;charge:neutral->negative,,,False,,,,,False,,,,,False,,,,,False,,,,,False,,,,,False,,,,,False,,,,,False,,,,,False,,,,,False,,,,,False,,,,,False,,,86.54,0.0,False,,G,,,False,,,,,False,,,,,False,,,,,False,,,,,False,,,,,False,,,,,False,,,,,False,,,,,False,,,,,False,,,86.54,86.54,86.54,False,-0.0913,0.0447,"[-0.0705511, -0.139605, -0.0457303, -0.0616403, -0.138972]",,,,,,,,,,,,,,,,,,,,,,,,,,,,,,,,,,,,,,,,,,,,,,,,,2.0405,0.0174,0.959,0.0005,,,,,,,,,,,,,,,,,,,,,,,,,,,,,,,,,,,,,,,,,,False,False,False,False,False,False,False,False,False,False,False,False,True,False,False,False,False,False,False,False,False,False,False,1.0,disruption(1.8),1.75,1.0,0.0,,surface_exposed,monomer,,0,Tier 4,True,True,False,Fold destabilization,,False,False,False,False,False,False,False,False,False,False,False,False,False,True,False,False,False,False,False,False,False,False,False,False,Fold destabilization,,False
vhl_elonginc,vhl,L,Q,158,pathogenic,pathogenic,unknown,destab,destab,at_interface,,binding,confident,fold_vhl_tceb1_model_0.pdb,Stebbins 1999: disrupts VCB assembly. Interface disruptor.,L158Q,0,0,158,158,98.72,L,True,2,surface_exposed,AF,2.1023255813953488,113,hydrophobic:True->False,,,False,,,,,False,,,,,False,,,,,False,,,,,False,,,,,False,,,,,False,,,,,False,,,,,False,,,,,False,,,,,False,,,,,False,,,,,False,,,,,False,,,,,False,,,,,False,,,,,False,,,,,False,,,,,False,,,98.11,7.0,True,,L,,,False,,,,,False,,,,,False,,,98.11,98.11,98.72,True,-0.1901,0.0372,"[-0.174561, -0.16978, -0.173189, -0.256599, -0.176608]",,,,,,,,,,,,,,,,,,,,,,,,,,,,,,,,,,,,,,,,,,,,,,,,,,,,,,,,,,,,,,,,,,,,,,,,,,,,,2.9118,0.0683,2.8534,0.0689,,,,,,,,,,,,,,False,False,False,False,False,False,False,False,False,False,False,False,False,False,False,False,False,False,False,True,False,False,False,4.5,disruption(18.9);interface(tceb1),18.92,9.0,7.0,tceb1,surface_exposed,monomer,tceb1,1,Tier 2,True,True,False,Fold + PPI destabilization,tceb1,False,False,False,False,False,False,False,False,False,False,False,False,False,False,False,False,False,False,False,False,False,False,False,False,Fold + PPI destabilization,tceb1,False
vhl_elonginc,vhl,W,R,117,mechanism_control,pathogenic,destab,destab,neutral,away_from_interface,,both,confident,fold_vhl_tceb1_model_0.pdb,"RECLASSIFIED mechanism_control. W117 in β-domain HIF-binding pocket, not ElonginC face. Fold destab + preserved ElonginC binding.",W117R,0,0,117,117,98.74,W,True,14,buried_core,AF,1.8790697674418604,101,charge:neutral->positive;hydrophobic:True->False,,,False,,,,,False,,,,,False,,,,,False,,,,,False,,,,,False,,,,,False,,,,,False,,,,,False,,,,,False,,,,,False,,,,,False,,,,,False,,,,,False,,,,,False,,,,,False,,,,,False,,,,,False,,,,,False,,,98.52,0.0,False,,W,,,False,,,,,False,,,,,False,,,98.52,98.52,98.74,True,4.1145,0.3748,"[3.89911, 3.80652, 3.97616, 4.14305, 4.74755]",,,,,,,,,,,,,,,,,,,,,,,,,,,,,,,,,,,,,,,,,,,,,,,,,,,,,,,,,,,,,,,,,,,,,,,,,,,,,4.4564,0.2593,0.0,0.0,,,,,,,,,,,,,,False,False,False,False,False,False,False,False,False,False,False,False,False,False,False,False,False,False,False,True,False,False,False,6.0,disruption(26.3);buried_core(monomer),26.31,14.0,0.0,,buried_core,monomer,,0,Tier 1,True,True,False,Fold destabilization,,False,False,False,False,False,False,False,False,False,False,False,False,False,False,False,False,False,False,False,False,True,False,False,False,Fold destabilization,,False
vhl_elonginc,vhl,Y,H,98,mechanism_control,pathogenic,neutral,neutral,neutral,away_from_interface,,binding,confident,fold_vhl_tceb1_model_0.pdb,"Gold-standard mechanism control. β-domain HIF face, preserves VCB assembly, abolishes HIF (Ohh 2000). Structurally silent for ElonginC axis.",Y98H,0,0,98,98,98.6,Y,True,7,partially_buried,AF,1.544186046511628,83,size:large->medium;charge:neutral->positive,,,False,,,,,False,,,,,False,,,,,False,,,,,False,,,,,False,,,,,False,,,,,False,,,,,False,,,,,False,,,,,False,,,,,False,,,,,False,,,,,False,,,,,False,,,,,False,,,,,False,,,,,False,,,,,False,,,98.14,0.0,False,,Y,,,False,,,,,False,,,,,False,,,98.14,98.14,98.6,True,1.285,0.0379,"[1.31954, 1.24395, 1.24466, 1.30016, 1.3167]",,,,,,,,,,,,,,,,,,,,,,,,,,,,,,,,,,,,,,,,,,,,,,,,,,,,,,,,,,,,,,,,,,,,,,,,,,,,,1.2525,0.0269,0.0,0.0,,,,,,,,,,,,,,False,False,False,False,False,False,False,False,False,False,False,False,False,False,False,False,False,False,False,True,False,False,False,4.0,disruption(10.8);partially_buried(monomer),10.81,7.0,0.0,,partially_buried,monomer,,0,Tier 2,True,True,False,Fold destabilization,,False,False,False,False,False,False,False,False,False,False,False,False,False,False,False,False,False,False,False,False,True,False,False,False,Fold destabilization,,False
kras_craf,kras,G,D,12,mechanism_control,pathogenic_gof,unknown,unknown,neutral,away_from_interface,,binding,crystal,6XI7.pdb,"Gold-standard mechanism control. Impaired GTP hydrolysis, WT-like RAF binding. G12 is 13.6Å from RAF1. Contains GNP ligand at active site.",G12D,0,0,12,12,93.27,G,True,3,surface_exposed,AF,1.7488372093023257,94,size:small->medium;charge:neutral->negative,,,False,,,,,False,,,,,False,,,,,False,,,,,False,,,,,False,,,,,False,,,,,False,,,,,False,,,,,False,,,,,False,,,,,False,,,,,False,,,,,False,,,,,False,,,,,False,,,100.0,0.0,False,,G,,,False,,,,,False,,,,,False,,,,,False,,,,,False,,,,,False,,,100.0,100.0,100.0,True,-0.1249,0.0122,"[-0.104301, -0.136205, -0.126723, -0.131367, -0.125712]",,,,,,,,,,,,,,,,,,,,,,,,,,,,,,,,,,,,,,,,,,,,,,,,,,,,,,,,,,,,,,,,,-2.2859,0.0563,0.057,0.0113,,,,,,,,,,,,,,,,,,,,,,,,,,False,False,False,False,False,False,False,False,False,False,False,False,False,False,False,False,True,False,False,False,False,False,False,2.0,disruption(5.2),5.25,3.0,0.0,,surface_exposed,monomer,,0,Tier 3,True,True,False,Fold stabilization,,False,False,False,False,False,False,False,False,False,False,False,False,False,False,False,False,False,True,False,False,False,False,False,False,Fold stabilization,,False
kras_craf,kras,G,V,12,mechanism_control,pathogenic_gof,unknown,unknown,neutral,away_from_interface,,binding,crystal,6XI7.pdb,Same as G12D. Hunter 2015.,G12V,0,0,12,12,93.27,G,True,3,surface_exposed,AF,2.027906976744186,109,hydrophobic:False->True,,,False,,,,,False,,,,,False,,,,,False,,,,,False,,,,,False,,,,,False,,,,,False,,,,,False,,,,,False,,,,,False,,,,,False,,,,,False,,,,,False,,,,,False,,,,,False,,,100.0,0.0,False,,G,,,False,,,,,False,,,,,False,,,,,False,,,,,False,,,,,False,,,100.0,100.0,100.0,True,0.4266,0.0687,"[0.474102, 0.364331, 0.410698, 0.364331, 0.51936]",,,,,,,,,,,,,,,,,,,,,,,,,,,,,,,,,,,,,,,,,,,,,,,,,,,,,,,,,,,,,,,,,-0.2483,0.2829,0.058,0.0481,,,,,,,,,,,,,,,,,,,,,,,,,,False,False,False,False,False,False,False,False,False,False,False,False,False,False,False,False,True,False,False,False,False,False,False,2.0,disruption(6.1),6.08,3.0,0.0,,surface_exposed,monomer,,0,Tier 3,True,True,False,No structural effect detected,,False,False,False,False,False,False,False,False,False,False,False,False,False,False,False,False,False,True,False,False,False,False,False,False,No structural effect detected,,False
kras_craf,kras,Q,H,61,mechanism_control,pathogenic_gof,unknown,unknown,neutral,away_from_interface,,binding,crystal,6XI7.pdb,"Switch II mechanism control. Impaired hydrolysis, preserved RAF binding. Q61 is 11.1Å from RAF1.",Q61H,0,0,61,61,64.31,Q,True,2,surface_exposed,AF,0.4465116279069767,24,charge:neutral->positive,,,False,,,,,False,,,,,False,,,,,False,,,,,False,,,,,False,,,,,False,,,,,False,,,,,False,,,,,False,,,,,False,,,,,False,,,,,False,,,,,False,,,,,False,,,,,False,,,100.0,0.0,False,,Q,,,False,,,,,False,,,,,False,,,,,False,,,,,False,,,,,False,,,100.0,100.0,100.0,True,0.7045,0.0218,"[0.729455, 0.706945, 0.678491, 0.686425, 0.721137]",,,,,,,,,,,,,,,,,,,,,,,,,,,,,,,,,,,,,,,,,,,,,,,,,,,,,,,,,,,,,,,,,0.122,0.056,-0.0015,0.0,,,,,,,,,,,,,,,,,,,,,,,,,,False,False,False,False,False,False,False,False,False,False,False,False,False,False,False,False,True,False,False,False,False,False,False,0.0,no_disruption(0.9),0.89,2.0,0.0,,surface_exposed,monomer,,0,Tier 4,True,True,False,No structural effect detected,,False,False,False,False,False,False,False,False,False,False,False,False,False,False,False,False,False,True,False,False,False,False,False,False,No structural effect detected,,False
hemoglobin_dimer,hbb,E,V,6,mechanism_control,pathogenic,neutral,neutral,neutral,away_from_interface,,binding,crystal,2HHB.pdb,"Gold-standard mechanism control. Sickle mutation: surface patch causing polymerization, not α1β1 interface disruption.",E6V,-1,0,7,6,91.66,E,True,2,surface_exposed,AF,2.2511627906976743,121,size:medium->small;charge:negative->neutral;hydrophobic:False->True,,,False,,,,,False,,,,,False,,,,,False,,,100.0,0.0,False,,E,,,False,,,,,False,,,,,False,,,,,False,,,,,False,,,,,False,,,,,False,,,,,False,,,,,False,,,,,False,,,,,False,,,,,False,,,,,False,,,,,False,,,,,False,,,,,False,,,,,False,,,,,False,,,100.0,100.0,100.0,True,0.717,0.1257,"[0.51335, 0.724626, 0.71032, 0.795167, 0.841533]",,,,,,,,,,,,,,,,,0.8044,0.0117,-0.0193,0.0,,,,,,,,,,,,,,,,,,,,,,,,,,,,,,,,,,,,,,,,,,,,,,,,,,,,,,,,,,,,,,,,,,,,,,,,,,False,False,False,False,True,False,False,False,False,False,False,False,False,False,False,False,False,False,False,False,False,False,False,2.0,disruption(4.5),4.5,2.0,0.0,,surface_exposed,monomer,,0,Tier 3,True,True,False,No structural effect detected,,False,False,False,False,False,True,False,False,False,False,False,False,False,False,False,False,False,False,False,False,False,False,False,False,No structural effect detected,,False
hemoglobin_tetramer,hbb,W,Y,37,pathogenic,pathogenic,unknown,destab,destab,at_interface,2.0,binding,crystal,2HHB.pdb,A-quant. Kwiatkowski 1998: tetramer-dimer ΔΔG +2.0 kcal/mol. α1β2 hinge (B-C interface).,W37Y,-1,0,38,37,92.85,W,True,5,surface_exposed,AF,0.6883720930232559,37,hydrophobic:True->False,,,False,,,,,False,,,,,False,,,,,False,,,,,False,,,100.0,0.0,False,,W,100.0,6.0,True,,W,,,False,,,100.0,0.0,False,,W,,,False,,,,,False,,,,,False,,,,,False,,,,,False,,,,,False,,,,,False,,,,,False,,,,,False,,,,,False,,,,,False,,,,,False,,,,,False,,,,,False,,,100.0,100.0,100.0,True,0.2176,0.0231,"[0.219604, 0.215569, 0.210405, 0.189126, 0.253184]",,,,,,,,,,,,,,,,,,,,,2.8501,0.1674,-0.03,0.001,2.8501,0.1674,1.5986,0.0648,,,,,2.8501,0.1674,0.0,0.0,,,,,,,,,,,,,,,,,,,,,,,,,,,,,,,,,,,,,,,,,,,,,,,,,,,,,,,,,,False,False,False,False,False,True,True,False,True,False,False,False,False,False,False,False,False,False,False,False,False,False,False,3.5,disruption(7.6);interface(hba1_2),7.57,11.0,6.0,hba1_2,surface_exposed,monomer,hba1_2,1,Tier 2,True,True,False,Fold + PPI destabilization,hba1_2,False,False,False,False,False,False,True,False,False,True,False,False,False,False,False,False,False,False,False,False,False,False,False,False,Fold + PPI destabilization,hba1_2,False
hemoglobin_tetramer,hbb,W,A,37,pathogenic,pathogenic,unknown,destab,destab,at_interface,5.0,binding,crystal,2HHB.pdb,A-quant. Kwiatkowski 1998: ΔΔG +5.0 kcal/mol.,W37A,-1,0,38,37,92.85,W,True,5,surface_exposed,AF,2.753488372093023,148,size:large->small,,,False,,,,,False,,,,,False,,,,,False,,,,,False,,,100.0,0.0,False,,W,100.0,6.0,True,,W,,,False,,,100.0,0.0,False,,W,,,False,,,,,False,,,,,False,,,,,False,,,,,False,,,,,False,,,,,False,,,,,False,,,,,False,,,,,False,,,,,False,,,,,False,,,,,False,,,,,False,,,100.0,100.0,100.0,True,1.8174,0.001,"[1.81607, 1.81846, 1.81782, 1.81783, 1.81665]",,,,,,,,,,,,,,,,,,,,,6.1596,0.0351,0.4559,0.0013,6.1596,0.0351,4.5339,0.0214,,,,,6.1596,0.0351,0.0,0.0,,,,,,,,,,,,,,,,,,,,,,,,,,,,,,,,,,,,,,,,,,,,,,,,,,,,,,,,,,False,False,False,False,False,True,True,False,True,False,False,False,False,False,False,False,False,False,False,False,False,False,False,5.5,disruption(30.3);interface(hba1_2),30.29,11.0,6.0,hba1_2,surface_exposed,monomer,hba1_2,1,Tier 1,True,True,False,Fold + PPI destabilization,hba1_2,False,False,False,False,False,False,True,False,False,True,False,False,False,False,False,False,False,False,False,False,False,False,False,False,Fold + PPI destabilization,hba1_2,False
hemoglobin_tetramer,hbb,W,G,37,pathogenic,pathogenic,unknown,destab,destab,at_interface,7.0,binding,crystal,2HHB.pdb,A-quant. Kwiatkowski 1998: ΔΔG +7.0 kcal/mol.,W37G,-1,0,38,37,92.85,W,True,5,surface_exposed,AF,3.4232558139534883,184,size:large->small;hydrophobic:True->False,,,False,,,,,False,,,,,False,,,,,False,,,,,False,,,100.0,0.0,False,,W,100.0,6.0,True,,W,,,False,,,100.0,0.0,False,,W,,,False,,,,,False,,,,,False,,,,,False,,,,,False,,,,,False,,,,,False,,,,,False,,,,,False,,,,,False,,,,,False,,,,,False,,,,,False,,,,,False,,,100.0,100.0,100.0,True,2.4086,0.0269,"[2.39439, 2.38669, 2.44825, 2.42463, 2.38895]",,,,,,,,,,,,,,,,,,,,,7.7632,0.0441,0.4553,0.0017,7.7632,0.0441,5.449,0.0691,,,,,7.7632,0.0441,0.0,0.0,,,,,,,,,,,,,,,,,,,,,,,,,,,,,,,,,,,,,,,,,,,,,,,,,,,,,,,,,,False,False,False,False,False,True,True,False,True,False,False,False,False,False,False,False,False,False,False,False,False,False,False,5.5,disruption(37.7);interface(hba1_2),37.66,11.0,6.0,hba1_2,surface_exposed,monomer,hba1_2,1,Tier 1,True,True,False,Fold + PPI destabilization,hba1_2,False,False,False,False,False,False,True,False,False,True,False,False,False,False,False,False,False,False,False,False,False,False,False,False,Fold + PPI destabilization,hba1_2,False
hemoglobin_tetramer,hbb,W,E,37,pathogenic,pathogenic,unknown,destab,destab,at_interface,9.0,binding,crystal,2HHB.pdb,A-quant. Kwiatkowski 1998: ΔΔG +9.0 kcal/mol. Largest perturbation in series.,W37E,-1,0,38,37,92.85,W,True,5,surface_exposed,AF,2.827906976744186,152,size:large->medium;charge:neutral->negative;hydrophobic:True->False,,,False,,,,,False,,,,,False,,,,,False,,,,,False,,,100.0,0.0,False,,W,100.0,6.0,True,,W,,,False,,,100.0,0.0,False,,W,,,False,,,,,False,,,,,False,,,,,False,,,,,False,,,,,False,,,,,False,,,,,False,,,,,False,,,,,False,,,,,False,,,,,False,,,,,False,,,,,False,,,100.0,100.0,100.0,True,0.6781,0.012,"[0.68462, 0.665379, 0.687936, 0.687777, 0.664685]",,,,,,,,,,,,,,,,,,,,,5.878,0.0455,0.0793,0.0004,5.878,0.0455,5.1379,0.08,,,,,5.878,0.0455,0.0,0.0,,,,,,,,,,,,,,,,,,,,,,,,,,,,,,,,,,,,,,,,,,,,,,,,,,,,,,,,,,False,False,False,False,False,True,True,False,True,False,False,False,False,False,False,False,False,False,False,False,False,False,False,5.5,disruption(31.1);interface(hba1_2),31.11,11.0,6.0,hba1_2,surface_exposed,monomer,hba1_2,1,Tier 1,True,True,False,Fold + PPI destabilization,hba1_2,False,False,False,False,False,False,True,False,False,True,False,False,False,False,False,False,False,False,False,False,False,False,False,False,Fold + PPI destabilization,hba1_2,False
hemoglobin_tetramer,hbb,N,T,102,pathogenic,pathogenic,unknown,destab,destab,at_interface,1.5,binding,crystal,2HHB.pdb,A-quant. Hb Kansas. α1β2 H-bond disruption. Bonaventura & Riggs 1968.,N102T,-1,0,103,102,89.72,N,True,9,buried_core,AF,1.2093023255813953,65,size:medium->small,,,False,,,,,False,,,,,False,,,,,False,,,,,False,,,100.0,0.0,False,,N,100.0,1.0,True,,N,,,False,,,100.0,0.0,False,,N,,,False,,,,,False,,,,,False,,,,,False,,,,,False,,,,,False,,,,,False,,,,,False,,,,,False,,,,,False,,,,,False,,,,,False,,,,,False,,,,,False,,,100.0,100.0,100.0,True,-0.7689,0.0797,"[-0.786198, -0.738457, -0.653184, -0.868584, -0.798116]",,,,,,,,,,,,,,,,,,,,,-0.4251,0.0132,0.0001,0.0,-0.4251,0.0132,-0.1374,0.0042,,,,,-0.4251,0.0132,0.0001,0.0,,,,,,,,,,,,,,,,,,,,,,,,,,,,,,,,,,,,,,,,,,,,,,,,,,,,,,,,,,False,False,False,False,False,True,True,False,True,False,False,False,False,False,False,False,False,False,False,False,False,False,False,6.5,disruption(12.1);interface(hba1_2);buried_core(monomer),12.09,10.0,1.0,hba1_2,buried_core,monomer,hba1_2,1,Tier 1,True,True,False,Interface variant (DDG neutral),,False,False,False,False,False,False,True,False,False,True,False,False,False,False,False,False,False,False,False,False,False,False,False,False,Interface variant (DDG neutral),,False
troponin_ic,tnni3,R,G,145,pathogenic,pathogenic,unknown,unknown,mild_destab,at_interface,,binding,partial,fold_tnni3_tnnc1_model_0.pdb,Elliott 2000: EC50 1.4 μM vs 0.8 μM WT. Modest binding reduction. pLDDT=54.9 (former gap region).,R145G,0,0,145,145,74.01,R,True,0,surface_exposed,AF,2.3255813953488373,125,size:large->small;charge:positive->neutral,,,False,,,,,False,,,,,False,,,,,False,,,,,False,,,,,False,,,,,False,,,,,False,,,,,False,,,,,False,,,,,False,,,,,False,,,,,False,,,,,False,,,,,False,,,,,False,,,,,False,,,,,False,,,,,False,,,,,False,,,54.93,1.0,True,,R,,,False,,,,,False,,,54.93,54.93,74.01,True,2.0291,0.0233,"[2.00931, 2.0142, 2.04964, 2.01333, 2.05903]",,,,,,,,,,,,,,,,,,,,,,,,,,,,,,,,,,,,,,,,,,,,,,,,,,,,,,,,,,,,,,,,,,,,,,,,,,,,,,,,,3.6898,0.9967,0.7613,0.0585,,,,,,,,,,False,False,False,False,False,False,False,False,False,False,False,False,False,False,False,False,False,False,False,False,True,False,False,2.5,disruption(2.3);interface(tnnc1),2.33,1.0,1.0,tnnc1,surface_exposed,monomer,tnnc1,1,Tier 3,True,True,False,Fold destabilization at interface,,False,False,False,False,False,False,False,False,False,False,False,False,False,False,False,False,False,False,False,False,False,False,False,False,Fold destabilization at interface,,False
troponin_ic,tnni3,R,Q,145,pathogenic,pathogenic,unknown,unknown,mild_destab,at_interface,,binding,partial,fold_tnni3_tnnc1_model_0.pdb,Same as R145G per Elliott 2000. pLDDT=54.9.,R145Q,0,0,145,145,74.01,R,True,0,surface_exposed,AF,0.8,43,size:large->medium;charge:positive->neutral,,,False,,,,,False,,,,,False,,,,,False,,,,,False,,,,,False,,,,,False,,,,,False,,,,,False,,,,,False,,,,,False,,,,,False,,,,,False,,,,,False,,,,,False,,,,,False,,,,,False,,,,,False,,,,,False,,,,,False,,,54.93,1.0,True,,R,,,False,,,,,False,,,54.93,54.93,74.01,True,0.45,0.0343,"[0.441243, 0.396567, 0.488453, 0.465581, 0.458077]",,,,,,,,,,,,,,,,,,,,,,,,,,,,,,,,,,,,,,,,,,,,,,,,,,,,,,,,,,,,,,,,,,,,,,,,,,,,,,,,,2.5295,0.9884,0.6395,0.0887,,,,,,,,,,False,False,False,False,False,False,False,False,False,False,False,False,False,False,False,False,False,False,False,False,True,False,False,1.5,no_disruption(0.8);interface(tnnc1),0.8,1.0,1.0,tnnc1,surface_exposed,monomer,tnnc1,1,Tier 3,True,True,False,Fold destabilization at interface,,False,False,False,False,False,False,False,False,False,False,False,False,False,False,False,False,False,False,False,False,False,False,False,False,Fold destabilization at interface,,False
troponin_ic,tnni3,R,W,162,pathogenic,pathogenic,unknown,unknown,stab,at_interface,,binding,confident,fold_tnni3_tnnc1_model_0.pdb,"LABEL CORRECTION. Elliott 2000: INCREASED TnC affinity, disrupted regulation. Interface stabilization, not disruption. Pipeline should call PPI stabilization.",R162W,0,0,162,162,80.81,R,True,3,surface_exposed,AF,1.8790697674418604,101,charge:positive->neutral;hydrophobic:False->True,,,False,,,,,False,,,,,False,,,,,False,,,,,False,,,,,False,,,,,False,,,,,False,,,,,False,,,,,False,,,,,False,,,,,False,,,,,False,,,,,False,,,,,False,,,,,False,,,,,False,,,,,False,,,,,False,,,,,False,,,81.1,1.0,True,,R,,,False,,,,,False,,,81.1,81.1,81.1,True,0.9203,0.0669,"[0.954691, 0.847509, 0.847654, 0.976927, 0.974571]",,,,,,,,,,,,,,,,,,,,,,,,,,,,,,,,,,,,,,,,,,,,,,,,,,,,,,,,,,,,,,,,,,,,,,,,,,,,,,,,,1.3216,0.1037,0.0432,0.0294,,,,,,,,,,False,False,False,False,False,False,False,False,False,False,False,False,False,False,False,False,False,False,False,False,True,False,False,3.5,disruption(7.5);interface(tnnc1),7.52,4.0,1.0,tnnc1,surface_exposed,monomer,tnnc1,1,Tier 2,True,True,False,Fold destabilization at interface,,False,False,False,False,False,False,False,False,False,False,False,False,False,False,False,False,False,False,False,False,False,False,False,False,Fold destabilization at interface,,False
troponin_ic,tnni3,P,S,82,benign,benign,neutral,neutral,neutral,away_from_interface,,population,confident,fold_tnni3_tnnc1_model_0.pdb,AF ~3% AfrAm. Frazier 2008.,P82S,0,0,82,82,96.85,P,True,0,surface_exposed,AF,1.3767441860465115,74,none,,,False,,,,,False,,,,,False,,,,,False,,,,,False,,,,,False,,,,,False,,,,,False,,,,,False,,,,,False,,,,,False,,,,,False,,,,,False,,,,,False,,,,,False,,,,,False,,,,,False,,,,,False,,,,,False,,,,,False,,,90.36,0.0,False,,P,,,False,,,,,False,,,90.36,90.36,96.85,True,0.6571,0.0166,"[0.675082, 0.637798, 0.670206, 0.660102, 0.642151]",,,,,,,,,,,,,,,,,,,,,,,,,,,,,,,,,,,,,,,,,,,,,,,,,,,,,,,,,,,,,,,,,,,,,,,,,,,,,,,,,0.4696,0.0039,0.0,0.0,,,,,,,,,,False,False,False,False,False,False,False,False,False,False,False,False,False,False,False,False,False,False,False,False,True,False,False,0.0,no_disruption(0.0),0.0,0.0,0.0,,surface_exposed,monomer,,0,Tier 4,True,True,False,No structural effect detected,,False,False,False,False,False,False,False,False,False,False,False,False,False,False,False,False,False,False,False,False,False,True,False,False,No structural effect detected,,False
cam_cav12,calm1,D,V,96,pathogenic,pathogenic,mild_destab,unknown,neutral,away_from_interface,,functional,partial,fold_calm1_cacna1c_model_0.pdb,CPVT/LQTS. EF-hand III Ca2+ site. Allosteric mechanism: Ca2+ binding disrupted but target engagement may persist. pLDDT=69.5.,D96V,0,0,96,96,97.16,D,True,2,surface_exposed,AF,2.827906976744186,152,size:medium->small;charge:negative->neutral;hydrophobic:False->True,,,False,,,,,False,,,69.45,1.0,True,,D,,,False,,,,,False,,,,,False,,,,,False,,,,,False,,,,,False,,,,,False,,,,,False,,,,,False,,,,,False,,,,,False,,,,,False,,,,,False,,,,,False,,,,,False,,,,,False,,,,,False,,,,,False,,,,,False,,,,,False,,,69.45,69.45,97.16,True,0.4139,0.5286,"[0.913378, -0.244388, 0.572025, -0.0384387, 0.867039]",,,,,,,,,0.9439,0.1949,-1.8364,1.1986,,,,,,,,,,,,,,,,,,,,,,,,,,,,,,,,,,,,,,,,,,,,,,,,,,,,,,,,,,,,,,,,,,,,,,,,,,,,,,,,,,False,False,True,False,False,False,False,False,False,False,False,False,False,False,False,False,False,False,False,False,False,False,False,3.5,disruption(8.5);interface(cacna1c),8.48,3.0,1.0,cacna1c,surface_exposed,monomer,cacna1c,1,Tier 2,True,True,False,PPI stabilization,cacna1c,False,False,False,False,False,False,False,False,False,False,False,False,False,False,False,False,False,False,False,False,False,False,False,False,PPI stabilization,cacna1c,False
cam_cav12,calm1,N,S,98,pathogenic,pathogenic,mild_destab,unknown,neutral,away_from_interface,,functional,confident,fold_calm1_cacna1c_model_0.pdb,Same EF-hand III site as D96V. Crotti 2013.,N98S,0,0,98,98,97.71,N,True,3,surface_exposed,AF,0.8558139534883721,46,size:medium->small,,,False,,,,,False,,,74.5,0.0,False,,N,,,False,,,,,False,,,,,False,,,,,False,,,,,False,,,,,False,,,,,False,,,,,False,,,,,False,,,,,False,,,,,False,,,,,False,,,,,False,,,,,False,,,,,False,,,,,False,,,,,False,,,,,False,,,,,False,,,,,False,,,74.5,74.5,97.71,True,0.001,0.0173,"[0.00763999, -0.00143419, -0.0235829, 0.0241912, -0.00163839]",,,,,,,,,0.266,0.0686,-0.0601,0.0049,,,,,,,,,,,,,,,,,,,,,,,,,,,,,,,,,,,,,,,,,,,,,,,,,,,,,,,,,,,,,,,,,,,,,,,,,,,,,,,,,,False,False,True,False,False,False,False,False,False,False,False,False,False,False,False,False,False,False,False,False,False,False,False,1.0,disruption(2.6),2.57,3.0,0.0,,surface_exposed,monomer,,0,Tier 4,True,True,False,No structural effect detected,,False,False,False,True,False,False,False,False,False,False,False,False,False,False,False,False,False,False,False,False,False,False,False,False,No structural effect detected,,False
cam_cav12,calm1,F,L,142,pathogenic,pathogenic,mild_destab,unknown,mild_destab,at_interface,,functional,confident,fold_calm1_cacna1c_model_0.pdb,C-terminal lobe LQTS. Near IQ motif contact. Crotti 2013.,F142L,0,0,142,142,95.93,F,True,10,buried_core,AF,0.4093023255813953,22,size:large->medium,,,False,,,,,False,,,75.62,2.0,True,,F,,,False,,,,,False,,,,,False,,,,,False,,,,,False,,,,,False,,,,,False,,,,,False,,,,,False,,,,,False,,,,,False,,,,,False,,,,,False,,,,,False,,,,,False,,,,,False,,,,,False,,,,,False,,,,,False,,,,,False,,,75.62,75.62,95.93,True,0.706,0.16,"[0.801801, 0.512371, 0.869234, 0.557185, 0.789525]",,,,,,,,,0.5781,0.0565,-0.5057,0.1495,,,,,,,,,,,,,,,,,,,,,,,,,,,,,,,,,,,,,,,,,,,,,,,,,,,,,,,,,,,,,,,,,,,,,,,,,,,,,,,,,,False,False,True,False,False,False,False,False,False,False,False,False,False,False,False,False,False,False,False,False,False,False,False,5.5,disruption(4.9);interface(cacna1c);buried_core(monomer),4.91,12.0,2.0,cacna1c,buried_core,monomer,cacna1c,1,Tier 1,True,True,False,Interface variant (DDG neutral),,False,False,False,False,False,False,False,False,False,False,False,False,False,False,False,False,False,False,False,False,False,False,False,False,Interface variant (DDG neutral),,False
smad4_smad3,smad4,D,H,351,pathogenic_lof,pathogenic,unknown,destab,destab,at_interface,,binding,partial,fold_smad4_smad3_model_0.pdb,Wang 2016: abolished p-Smad1/2 interaction by co-IP. 5.4Å from SMAD3 chain A (near-interface). pLDDT=57.4.,D351H,0,0,351,351,97.36,D,True,10,buried_core,AF,1.5069767441860464,81,charge:negative->positive,,,False,,,,,False,,,,,False,,,,,False,,,,,False,,,,,False,,,,,False,,,,,False,,,,,False,,,,,False,,,,,False,,,,,False,,,,,False,,,,,False,,,,,False,,,,,False,,,,,False,,,57.37,0.0,False,,D,,,False,,,,,False,,,,,False,,,,,False,,,,,False,,,57.37,57.37,97.36,True,12.1121,3.4371,"[13.974, 14.2848, 11.2583, 14.6008, 6.44256]",,,,,,,,,,,,,,,,,,,,,,,,,,,,,,,,,,,,,,,,,,,,,,,,,,,,,,,,,,,,,,,,,,,,,10.6908,3.3216,0.2184,0.8622,,,,,,,,,,,,,,,,,,,,,,False,False,False,False,False,False,False,False,False,False,False,False,False,False,False,False,False,True,False,False,False,False,False,5.0,disruption(15.1);buried_core(monomer),15.07,10.0,0.0,,buried_core,monomer,,0,Tier 1,True,True,False,Fold destabilization,,False,False,False,False,False,False,False,False,False,False,False,False,False,False,False,False,False,False,True,False,False,False,False,False,Fold destabilization,,False
smad4_smad3,smad4,R,C,361,pathogenic_lof,pathogenic,unknown,destab,destab,at_interface,,binding,partial,fold_smad4_smad3_model_0.pdb,Noguchi 2021: completely abolished R-Smad interaction. Strongest binding disruptor in set. 2.5Å from SMAD3. pLDDT=63.5.,R361C,0,0,361,361,96.71,R,True,8,surface_exposed,AF,3.3488372093023258,180,size:large->small;charge:positive->neutral;hydrophobic:False->True,,,False,,,,,False,,,,,False,,,,,False,,,,,False,,,,,False,,,,,False,,,,,False,,,,,False,,,,,False,,,,,False,,,,,False,,,,,False,,,,,False,,,,,False,,,,,False,,,,,False,,,63.52,2.0,True,,R,,,False,,,,,False,,,,,False,,,,,False,,,,,False,,,63.52,63.52,96.71,True,2.7454,0.2665,"[2.70276, 3.04723, 2.76834, 2.32974, 2.87917]",,,,,,,,,,,,,,,,,,,,,,,,,,,,,,,,,,,,,,,,,,,,,,,,,,,,,,,,,,,,,,,,,,,,,7.427,0.6672,3.6093,0.0454,,,,,,,,,,,,,,,,,,,,,,False,False,False,False,False,False,False,False,False,False,False,False,False,False,False,False,False,True,False,False,False,False,False,5.5,disruption(33.5);interface(smad3),33.49,10.0,2.0,smad3,surface_exposed,monomer,smad3,1,Tier 1,True,True,False,Fold + PPI destabilization,smad3,False,False,False,False,False,False,False,False,False,False,False,False,False,False,False,False,False,False,False,False,False,False,False,False,Fold + PPI destabilization,smad3,False
smad4_smad3,smad4,I,T,500,pathogenic_gof,pathogenic_gof,unknown,unknown,neutral,away_from_interface,,functional,confident,fold_smad4_smad3_model_0.pdb,"LABEL CORRECTION. Myhre syndrome. Le Goff 2012: reduced ubiquitination → protein stabilization. Post-translational mechanism likely invisible to FoldX. Pipeline should call ""no structural effect detected"" — this is a correct structural call.",I500T,0,0,500,500,97.75,I,True,7,partially_buried,AF,1.655813953488372,89,size:medium->small;hydrophobic:True->False,,,False,,,,,False,,,,,False,,,,,False,,,,,False,,,,,False,,,,,False,,,,,False,,,,,False,,,,,False,,,,,False,,,,,False,,,,,False,,,,,False,,,,,False,,,,,False,,,,,False,,,77.81,0.0,False,,I,,,False,,,,,False,,,,,False,,,,,False,,,,,False,,,77.81,77.81,97.75,True,1.6233,0.0069,"[1.62174, 1.62949, 1.62437, 1.61219, 1.62857]",,,,,,,,,,,,,,,,,,,,,,,,,,,,,,,,,,,,,,,,,,,,,,,,,,,,,,,,,,,,,,,,,,,,,0.7501,0.0299,0.0,0.0,,,,,,,,,,,,,,,,,,,,,,False,False,False,False,False,False,False,False,False,False,False,False,False,False,False,False,False,True,False,False,False,False,False,4.0,disruption(11.6);partially_buried(monomer),11.59,7.0,0.0,,partially_buried,monomer,,0,Tier 2,True,True,False,Fold destabilization,,False,False,False,False,False,False,False,False,False,False,False,False,False,False,False,False,False,False,True,False,False,False,False,False,Fold destabilization,,False
smad4_smad3,smad4,I,V,500,pathogenic_gof,pathogenic_gof,unknown,unknown,neutral,away_from_interface,,functional,confident,fold_smad4_smad3_model_0.pdb,Same mechanism as I500T. Le Goff 2012.,I500V,0,0,500,500,97.75,I,True,7,partially_buried,AF,0.5395348837209303,29,size:medium->small,,,False,,,,,False,,,,,False,,,,,False,,,,,False,,,,,False,,,,,False,,,,,False,,,,,False,,,,,False,,,,,False,,,,,False,,,,,False,,,,,False,,,,,False,,,,,False,,,,,False,,,77.81,0.0,False,,I,,,False,,,,,False,,,,,False,,,,,False,,,,,False,,,77.81,77.81,97.75,True,0.9476,0.0044,"[0.941159, 0.951285, 0.951234, 0.945044, 0.949114]",,,,,,,,,,,,,,,,,,,,,,,,,,,,,,,,,,,,,,,,,,,,,,,,,,,,,,,,,,,,,,,,,,,,,0.1427,0.0171,0.0,0.0,,,,,,,,,,,,,,,,,,,,,,False,False,False,False,False,False,False,False,False,False,False,False,False,False,False,False,False,True,False,False,False,False,False,2.0,disruption(3.8);partially_buried(monomer),3.78,7.0,0.0,,partially_buried,monomer,,0,Tier 3,True,True,False,No structural effect detected,,False,False,False,False,False,False,False,False,False,False,False,False,False,False,False,False,False,False,True,False,False,False,False,False,No structural effect detected,,False
