gene,variant,position,domain_authoritative,monomer_pLDDT,monomer_ordered,n_iface_partners,max_contacts,interface_reliability,interface_detail,structural_note
SHROOM3,G35V,35,PDZ,84.4,Y,1,1,borderline (iface pLDDT 50-70),"rock2:1c,bindddG=-22.5,ifacepLDDT=64.4","PDZ (ordered, only well-folded SHROOM3 region); fold destabilizer; ROCK2 contact artifactual"
SHROOM3,G60V,60,PDZ,87.2,Y,1,2,high,"ctnnb1:2c,bindddG=0.1,ifacepLDDT=76.7",PDZ (ordered); fold destabilizer; ordered@iface but bind ddG~0
SHROOM3,V106L,106,PDZ,89.4,Y,0,0,none,,"PDZ (ordered, pLDDT 89); ddG-neutral internal control (DSF panel)"
SHROOM3,L147H,147,linker/disordered,25.9,N,0,0,none,,
SHROOM3,H161Q,161,linker/disordered,33.0,N,1,7,low,"ctnnb1:7c,bindddG=-20.1,ifacepLDDT=31.9",inter-domain linker (disordered); beta-cat contact low-conf artifact
SHROOM3,H207Y,207,linker/disordered,22.1,N,0,0,none,,
SHROOM3,G279A,279,linker/disordered,28.2,N,1,3,low,"actin:3c,bindddG=-1.5,ifacepLDDT=32.5",
SHROOM3,S325A,325,DVL2/PCP-binding,29.2,N,1,1,low,"ctnnb1:1c,bindddG=-0.1,ifacepLDDT=29.6",
SHROOM3,R352Q,352,DVL2/PCP-binding,23.4,N,1,6,low,"ctnnb1:6c,bindddG=-14.3,ifacepLDDT=29.3",DVL2/PCP-binding domain but DISORDERED in monomer (pLDDT 23); beta-cat contact low-conf artifact
SHROOM3,S367R,367,DVL2/PCP-binding,27.5,N,0,0,none,,
SHROOM3,L376I,376,DVL2/PCP-binding,24.4,N,1,1,low,"actin:1c,bindddG=-0.1,ifacepLDDT=32.0",
SHROOM3,T434A,434,DVL2/PCP-binding,26.3,N,0,0,none,,
SHROOM3,K449R,449,DVL2/PCP-binding,35.1,N,0,0,none,,
SHROOM3,P469A,469,DVL2/PCP-binding,25.6,N,1,1,low,"ctnnb1:1c,bindddG=-0.3,ifacepLDDT=27.1",
SHROOM3,E564A,564,DVL2/PCP-binding,20.0,N,0,0,none,,
SHROOM3,S597Y,597,DVL2/PCP-binding,24.8,N,0,0,none,,
SHROOM3,L647P,647,DVL2/PCP-binding,19.2,N,0,0,none,,
SHROOM3,K707R,707,DVL2/PCP-binding,24.5,N,0,0,none,,
SHROOM3,R718Q,718,DVL2/PCP-binding,18.4,N,1,2,low,"actin:2c,bindddG=-2.6,ifacepLDDT=35.9",
SHROOM3,Q793P,793,linker/disordered,40.9,N,1,1,low,"cdh2:1c,bindddG=-1.9,ifacepLDDT=None",
SHROOM3,G869R,869,linker/disordered,27.2,N,0,0,none,,
SHROOM3,D945V,945,ASD1·F-actin,34.8,N,2,4,low,"dvl2:4c,bindddG=-29.1,ifacepLDDT=33.1; actin:3c,bindddG=-3.8,ifacepLDDT=28.9",F-actin domain (disordered); actin contact coherent-domain but low-conf
SHROOM3,R1008H,1008,ASD1·F-actin,32.3,N,4,12,low,"rock2:12c,bindddG=-25.9,ifacepLDDT=20.1; actin:4c,bindddG=-8.1,ifacepLDDT=26.0; cdh2:4c,bindddG=-5.1,ifacepLDDT=None; ctnnb1:3c,bindddG=-3.1,ifacepLDDT=25.9",F-actin domain but DISORDERED in monomer (pLDDT 32); ROCK2 contact mis-docked (ROCK binds 1669-1957)
SHROOM3,T1012N,1012,ASD1·F-actin,51.7,N,1,2,low,"rock2:2c,bindddG=-8.1,ifacepLDDT=24.1",F-actin domain (disordered); ROCK2 contact low-conf
SHROOM3,V1054L,1054,linker/disordered,44.0,N,3,7,low,"actin:7c,bindddG=-0.5,ifacepLDDT=42.6; rock2:4c,bindddG=-3.7,ifacepLDDT=15.7; cdh2:4c,bindddG=-7.2,ifacepLDDT=None",
SHROOM3,R1250C,1250,linker/disordered,25.9,N,0,0,none,,
SHROOM3,P1290L,1290,linker/disordered,21.1,N,0,0,none,,
SHROOM3,R1430Q,1430,linker/disordered,22.7,N,0,0,none,,
SHROOM3,P1464S,1464,linker/disordered,21.7,N,0,0,none,,
SHROOM3,T1481P,1481,linker/disordered,34.1,N,0,0,none,,
SHROOM3,E1507K,1507,linker/disordered,22.9,N,0,0,none,,
SHROOM3,A1557V,1557,linker/disordered,21.0,N,0,0,none,,
SHROOM3,Q1558P,1558,linker/disordered,23.6,N,1,2,low,"dvl2:2c,bindddG=-3.5,ifacepLDDT=26.8",
SHROOM3,M1585K,1585,linker/disordered,27.4,N,0,0,none,,
SHROOM3,V1620I,1620,linker/disordered,19.8,N,1,1,low,"dvl2:1c,bindddG=-9.2,ifacepLDDT=31.4",
SHROOM3,Q1623K,1623,linker/disordered,19.1,N,1,11,low,"dvl2:11c,bindddG=-5.7,ifacepLDDT=28.2",
SHROOM3,G1864D,1864,ASD2·ROCK,82.9,Y,0,0,none,,"ROCK domain core (ordered, pLDDT 83)"
SHROOM3,P1971L,1971,linker/disordered,43.9,N,0,0,none,,C-terminal to ROCK domain; fold-on-binding (orders in ROCK2 complex)
SHROOM3,N1972D,1972,linker/disordered,41.4,N,0,0,none,,C-terminal to ROCK domain; fold-on-binding (orders in ROCK2 complex)
ZIC3,G7R,7,linker/disordered,23.8,N,0,0,none,,
ZIC3,G17C,17,linker/disordered,37.7,N,0,0,none,,
ZIC3,A21G,21,linker/disordered,30.3,N,0,0,none,,
ZIC3,A62T,62,linker/disordered,31.1,N,0,0,none,,
ZIC3,T98A,98,linker/disordered,30.6,N,1,1,low,"gli3:1c,bindddG=-0.6,ifacepLDDT=38.4",
ZIC3,P102L,102,linker/disordered,27.8,N,0,0,none,,
ZIC3,S103T,103,linker/disordered,25.8,N,1,1,low,"gli3:1c,bindddG=-1.1,ifacepLDDT=33.8",
ZIC3,S109C,109,linker/disordered,24.2,N,1,2,low,"gli3:2c,bindddG=-0.5,ifacepLDDT=32.8",
ZIC3,S124G,124,linker/disordered,25.1,N,1,2,low,"gli3:2c,bindddG=-6.5,ifacepLDDT=35.5",
ZIC3,G213S,213,linker/disordered,31.4,N,0,0,none,,
ZIC3,P217A,217,linker/disordered,27.9,N,1,1,low,"gli3:1c,bindddG=-0.0,ifacepLDDT=32.1",
ZIC3,C253S,253,ZF1,94.3,Y,0,0,none,,ZF1 Zn-coordinating Cys (fold; coordination unmodeled)
ZIC3,H281Y,281,ZF1,94.6,Y,0,0,none,,ZF1 Zn-coordinating His (fold)
ZIC3,H286R,286,ZF1,91.2,Y,0,0,none,,ZF1 Zn-coordinating His (fold)
ZIC3,C297F,297,ZF2+NLS,93.1,Y,0,0,none,,ZF2 Zn-coordinating Cys; also in NLS
ZIC3,H318N,318,ZF2+NLS+NES,95.5,Y,3,2,high,"gli3:2c,bindddG=-3.0,ifacepLDDT=82.0; mdfi:1c,bindddG=0.2,ifacepLDDT=80.0; tcf7l1:1c,bindddG=0.5,ifacepLDDT=86.7",ZF2 surface interface disruptor RELIABLE; overlaps NLS+NES -> dual mechanism (binding+mislocalization)
ZIC3,T323M,323,linker/disordered+NLS+NES,93.5,Y,0,0,none,,ZF2-3 linker; in NLS+NES
ZIC3,R350G,350,ZF3+NLS,97.1,Y,3,5,high,"gli3:5c,bindddG=-9.6,ifacepLDDT=78.2; mdfi:2c,bindddG=0.5,ifacepLDDT=79.2; tcf7l1:1c,bindddG=2.3,ifacepLDDT=88.0",ZF3 surface multi-partner interface RELIABLE; overlaps NLS -> dual mechanism
ZIC3,S402P,402,ZF5,88.5,Y,1,3,high,"gli3:3c,bindddG=-6.6,ifacepLDDT=77.5",ZF5 surface GLI3 interface RELIABLE
ZIC3,K405E,405,ZF5+NLS,92.3,Y,1,4,high,"gli3:4c,bindddG=-4.3,ifacepLDDT=83.2",ZF5 surface GLI3 interface RELIABLE; overlaps NLS -> dual mechanism
ZIC3,A447G,447,linker/disordered,25.4,N,0,0,none,,
GLI3,T9M,9,linker/disordered,36.8,N,0,0,none,,
GLI3,V71I,71,linker/disordered,38.5,N,0,0,none,,
GLI3,P103S,103,linker/disordered,45.2,N,0,0,none,,
GLI3,R114K,114,repressor,43.3,N,0,0,none,,
GLI3,R180Q,180,repressor,36.6,N,1,2,low,"zic3:2c,bindddG=-0.8,ifacepLDDT=35.1",structural blackout - interface low-confidence
GLI3,T183A,183,repressor,36.8,N,1,3,low,"zic3:3c,bindddG=0.3,ifacepLDDT=43.9",structural blackout - interface low-confidence
GLI3,P189S,189,repressor,40.6,N,1,1,low,"zic3:1c,bindddG=-1.0,ifacepLDDT=36.6",structural blackout - interface low-confidence
GLI3,T263K,263,SUFU-site,39.5,N,0,0,none,,
GLI3,I342V,342,SUFU-site,38.1,N,1,1,low,"zic3:1c,bindddG=-1.7,ifacepLDDT=30.2",structural blackout - interface low-confidence
GLI3,G465R,465,linker/disordered,40.6,N,1,2,low,"zic3:2c,bindddG=-10.1,ifacepLDDT=26.6",structural blackout - interface low-confidence
GLI3,G657S,657,cleavage-site,36.7,N,0,0,none,,
GLI3,P707S,707,cleavage-site,31.9,N,0,0,none,,
GLI3,N722S,722,cleavage-site,29.8,N,0,0,none,,
GLI3,G727R,727,cleavage-site,38.8,N,0,0,none,,
GLI3,D734N,734,cleavage-site,36.7,N,0,0,none,,
GLI3,A770V,770,linker/disordered,34.9,N,0,0,none,,
GLI3,I808M,808,linker/disordered,28.7,N,0,0,none,,
GLI3,A879T,879,CBP-binding,32.8,N,0,0,none,,
GLI3,P998L,998,CBP-binding,37.9,N,0,0,none,,
GLI3,G1001S,1001,CBP-binding,36.4,N,0,0,none,,
GLI3,S1028I,1028,CBP-binding,29.6,N,0,0,none,,
GLI3,T1070S,1070,CBP-binding+TA2,35.8,N,0,0,none,,
GLI3,T1074N,1074,CBP-binding+TA2,34.6,N,0,0,none,,
GLI3,G1125R,1125,CBP-binding+TA2,34.2,N,0,0,none,,
GLI3,P1222S,1222,TA2,38.3,N,0,0,none,,
GLI3,G1336E,1336,TA2,36.6,N,0,0,none,,
GLI3,R1537C,1537,TA2+TA1,30.9,N,0,0,none,,
DVL2,E13K,13,DIX,94.1,Y,0,0,none,,
DVL2,H177R,177,linker/disordered,29.0,N,0,0,none,,
DVL2,M261V,261,linker/disordered,52.1,N,1,1,low,"shroom3:1c,bindddG=-0.3,ifacepLDDT=36.4",
DVL2,R367G,367,linker/disordered,46.4,N,0,0,none,,
DVL2,R367Q,367,linker/disordered,46.4,N,0,0,none,,
DVL2,M399V,399,linker/disordered,35.0,N,0,0,none,,
DVL2,R415Q,415,linker/disordered,72.9,Y,0,0,none,,
DVL2,D441Y,441,DEP,96.1,Y,1,5,high,"shroom3:5c,bindddG=-4.6,ifacepLDDT=79.2","DEP domain interface disruptor RELIABLE (5c, iface pLDDT 79)"
DVL2,T535I,535,Dsh_C/NES,32.5,N,0,0,none,,
DVL2,R590Q,590,Dsh_C/NES,24.1,N,0,0,none,,
DVL2,P670H,670,Dsh_C/NES,37.4,N,0,0,none,,
DVL2,P679S,679,Dsh_C/NES,40.3,N,0,0,none,,
DVL2,P688L,688,Dsh_C/NES,50.0,N,0,0,none,,
DVL2,D706E,706,Dsh_C/NES,43.4,N,0,0,none,,
DVL2,R718H,718,Dsh_C/NES,32.7,N,0,0,none,,
CDH2,A21T,21,signal,45.9,N,0,0,none,,
CDH2,E24Q,24,signal,40.9,N,0,0,none,,
CDH2,N64H,64,propeptide,77.9,Y,0,0,none,,
CDH2,Q107E,107,propeptide,88.7,Y,0,0,none,,
CDH2,A118T,118,propeptide,90.2,Y,0,0,none,,
CDH2,V289I,289,EC1-5,97.7,Y,0,0,none,,
CDH2,V309M,309,EC1-5,97.7,Y,0,0,none,,
CDH2,P449T,449,EC1-5,96.2,Y,0,0,none,,
CDH2,N500S,500,EC1-5,94.7,Y,0,0,none,,
CDH2,G717A,717,EC1-5,35.1,N,0,0,none,,
CDH2,R823Q,823,cytoplasmic,38.2,N,1,1,low,"shroom3:1c,bindddG=-5.9,ifacepLDDT=None",
CDH2,N845S,845,cytoplasmic,73.7,Y,1,1,low,"shroom3:1c,bindddG=-0.7,ifacepLDDT=None",
ROCK2,R35G,35,linker/disordered,89.4,Y,0,0,none,,
ROCK2,I41V,41,linker/disordered,95.0,Y,0,0,none,,
ROCK2,F136C,136,kinase,89.3,Y,0,0,none,,
ROCK2,T367M,367,linker/disordered,97.0,Y,1,1,"borderline (ordered, single contact)","shroom3:1c,bindddG=-24.2,ifacepLDDT=81.0","kinase-CC linker (ordered); single contact, ddG inflated; AM-discordant"
ROCK2,T431N,431,coiled-coil,28.6,N,0,0,none,,
ROCK2,N439D,439,coiled-coil,30.1,N,1,4,low,"shroom3:4c,bindddG=-21.1,ifacepLDDT=19.3",coiled-coil; 4c but LOW-CONF (iface pLDDT 19)
ROCK2,D601V,601,coiled-coil,77.4,Y,0,0,none,,
ROCK2,A663T,663,coiled-coil,81.2,Y,1,1,low,"shroom3:1c,bindddG=-0.1,ifacepLDDT=47.3",
ROCK2,R1044Q,1044,coiled-coil,35.3,N,0,0,none,,
CTNNB1,R151C,151,ARM_repeats,83.5,Y,0,0,none,,
CTNNB1,N287S,287,ARM_repeats,97.7,Y,0,0,none,,
CTNNB1,T297M,297,ARM_repeats,98.8,Y,0,0,none,,
TCF7L1,G12S,12,CTNNB1-binding,44.6,N,0,0,none,,
TCF7L1,G14S,14,CTNNB1-binding,45.4,N,0,0,none,,
TCF7L1,Q89H,89,linker/disordered,36.5,N,0,0,none,,
TCF7L1,S141P,141,linker/disordered,34.2,N,0,0,none,,
TCF7L1,S160T,160,linker/disordered,40.9,N,0,0,none,,
TCF7L1,L248I,248,linker/disordered,49.8,N,0,0,none,,
TCF7L1,P253S,253,linker/disordered,48.5,N,0,0,none,,
TCF7L1,G533R,533,C-term,42.5,N,0,0,none,,
TCF7L1,Q538H,538,C-term,43.8,N,0,0,none,,
KPNA6,R128Q,128,ARM_repeats,98.2,Y,0,0,none,,
KPNA6,K424N,424,ARM_repeats,98.2,Y,0,0,none,,
KPNA6,I498T,498,ARM_repeats,95.9,Y,0,0,none,,
KPNA6,D507N,507,C-term-tail,45.6,N,0,0,none,,
KPNA1,S73N,73,linker/disordered,27.9,N,0,0,none,,
KPNA1,I381L,381,ARM_repeats,98.9,Y,0,0,none,,
MDFI,R128Q,128,I-mfa,55.3,N,0,0,none,,I-mfa domain (binds bHLH TFs incl. TCF7L1)
MDFI,T178K,178,I-mfa,68.9,N,1,2,low,"zic3:2c,bindddG=1.7,ifacepLDDT=48.9",I-mfa domain; zic3 contact low-conf
MDFI,A187T,187,I-mfa,50.8,N,0,0,none,,I-mfa domain
