system,gene,ref_aa,alt_aa,position,role,phenotype,expected_ddg_monomer,expected_ddg_fold_complex,expected_ddg_binding,expected_topology,expected_ddg_value,evidence_axes,site_plddt_status,structure_source,notes
brca1_bard1,brca1,V,G,11,pathogenic,pathogenic,unknown,unknown,destab,at_interface,,binding,crystal,1JM7.pdb,Clark 2022 M2H: moderate BARD1 binding loss. Interface variant.
brca1_bard1,brca1,C,G,61,mechanism_control,pathogenic,destab,destab,neutral,away_from_interface,,both,crystal,1JM7.pdb,"GOLD STANDARD fold-destabilizer. Zn coordination loss, BARD1 binding preserved."
brca1_bard1,brca1,K,R,45,benign,benign,neutral,neutral,neutral,away_from_interface,,binding,crystal,1JM7.pdb,Strong benign control. Starita 2015 Y2H WT-like.
brca1_bard1,brca1,E,Q,100,benign,benign,neutral,neutral,neutral,away_from_interface,,binding,crystal,1JM7.pdb,Strong benign control. Starita 2015 Y2H WT-like.
pi3k,pik3ca,E,K,542,pathogenic,pathogenic_gof,neutral,destab,destab,at_interface,,binding,confident,fold_pik3ca_pik3r1_model_0.pdb,Helical hotspot. Disrupts nSH2 inhibitory contact (Zhao & Vogt 2008).
pi3k,pik3ca,E,K,545,pathogenic,pathogenic_gof,neutral,destab,destab,at_interface,,binding,confident,fold_pik3ca_pik3r1_model_0.pdb,Same helical hotspot as E542K (Zhao & Vogt 2008).
pi3k,pik3ca,H,R,1047,mechanism_control,pathogenic_gof,neutral,neutral,neutral,away_from_interface,,binding,confident,fold_pik3ca_pik3r1_model_0.pdb,Kinase C-lobe GoF. Structurally silent for p85 binding (Mandelker 2009). Now evaluable with WT AF multimer.
pi3k,pik3r1,N,D,564,pathogenic,pathogenic,neutral,neutral,neutral,at_interface,,binding,confident,fold_pik3ca_pik3r1_model_0.pdb,"LABEL CORRECTION. Wu/Jaiswal 2009: RETAINS p110 binding, loses inhibition. Allosteric mechanism, not interface disruption. Pipeline should call interface variant (DDG neutral) or similar."
pi3k,pik3r1,M,I,326,benign,benign,neutral,neutral,neutral,away_from_interface,,population,confident,fold_pik3ca_pik3r1_model_0.pdb,rs3730089 MAF >10%. Strong benign control.
mlh1_pms2,mlh1,Q,L,542,pathogenic,pathogenic,unknown,unknown,destab,at_interface,,binding,confident,fold_mlh1_pms2_model_0.pdb,"Kosinski 2010: PMS2 co-IP 54%, MMR 44%. Binding disruptor."
mlh1_pms2,mlh1,L,P,749,pathogenic,pathogenic,unknown,destab,destab,at_interface,,binding,confident,fold_mlh1_pms2_model_0.pdb,"Kosinski 2010: PMS2 co-IP 30%, MMR 33%. Pro→Leu likely destabilizes fold too. ANCHOR."
mlh1_pms2,mlh1,R,W,755,mechanism_control,pathogenic,destab,destab,neutral,at_interface,,both,partial,fold_mlh1_pms2_model_0.pdb,MECHANISM TEST CASE. MAVE-confirmed: fold destab (abundance -0.334) + binding preserved (interaction +0.617). Kosinski co-IP 82%. pLDDT=57.3.
mlh1_pms2,mlh1,V,D,384,benign,benign,neutral,neutral,neutral,away_from_interface,,functional,partial,fold_mlh1_pms2_model_0.pdb,ROLE SHIFT per audit: InSiGHT reclassified NOT pathogenic. rs63750447 ~8.9% East Asian. pLDDT=68.5.
mlh1_pms2,pms2,G,A,857,benign,benign,neutral,neutral,neutral,away_from_interface,,population,confident,fold_mlh1_pms2_model_0.pdb,gnomAD AF=28%. ClinVar BA1 benign.
mlh1_pms2,mlh1,H,Y,718,benign,benign,neutral,neutral,neutral,away_from_interface,,functional,confident,fold_mlh1_pms2_model_0.pdb,Raevaara 2013: proficient MMR.
mlh1_pms2,mlh1,K,E,618,benign,benign,neutral,neutral,neutral,away_from_interface,,functional,confident,fold_mlh1_pms2_model_0.pdb,Drost 2019: nondamaging.
msh2_msh6,msh2,G,R,674,mechanism_control,pathogenic,unknown,unknown,neutral,away_from_interface,,binding,confident,fold_msh2_msh6_model_0.pdb,"RECLASSIFIED mechanism_control. Walker A ATPase motif. Jia 2021: MSH6 binding preserved, MMR lost via ATPase. Pipeline should NOT call binding disruption."
msh2_msh6,msh2,A,P,636,pathogenic,pathogenic,destab,destab,unknown,away_from_interface,,monomer,confident,fold_msh2_msh6_model_0.pdb,"LABEL CORRECTION: split from C697F. Ollila 2006: 7.1% MMR, Lützen proteasome rescue confirms fold destabilization."
msh2_msh6,msh2,C,F,697,mechanism_control,pathogenic,neutral,neutral,unknown,away_from_interface,,monomer,confident,fold_msh2_msh6_model_0.pdb,"LABEL CORRECTION: split from A636P. Ollila 2006: 8.3% MMR but protein-stable. Catalytic defect, structurally silent."
msh2_msh6,msh2,N,S,127,benign,benign,neutral,neutral,neutral,away_from_interface,,binding,confident,fold_msh2_msh6_model_0.pdb,Ollila 2008: IP for MSH6 + bandshift + MMR all WT-like. ANCHOR.
msh2_msh6,msh2,G,D,322,benign,benign,neutral,neutral,neutral,away_from_interface,,binding,confident,fold_msh2_msh6_model_0.pdb,Ollila 2008 + gnomAD 1.9%. ANCHOR.
vhl_elonginc,vhl,L,Q,158,pathogenic,pathogenic,unknown,destab,destab,at_interface,,binding,confident,fold_vhl_tceb1_model_0.pdb,Stebbins 1999: disrupts VCB assembly. Interface disruptor.
vhl_elonginc,vhl,W,R,117,mechanism_control,pathogenic,destab,destab,neutral,away_from_interface,,both,confident,fold_vhl_tceb1_model_0.pdb,"RECLASSIFIED mechanism_control. W117 in β-domain HIF-binding pocket, not ElonginC face. Fold destab + preserved ElonginC binding."
vhl_elonginc,vhl,Y,H,98,mechanism_control,pathogenic,neutral,neutral,neutral,away_from_interface,,binding,confident,fold_vhl_tceb1_model_0.pdb,"Gold-standard mechanism control. β-domain HIF face, preserves VCB assembly, abolishes HIF (Ohh 2000). Structurally silent for ElonginC axis."
kras_craf,kras,G,D,12,mechanism_control,pathogenic_gof,unknown,unknown,neutral,away_from_interface,,binding,crystal,6XI7.pdb,"Gold-standard mechanism control. Impaired GTP hydrolysis, WT-like RAF binding. G12 is 13.6Å from RAF1. Contains GNP ligand at active site."
kras_craf,kras,G,V,12,mechanism_control,pathogenic_gof,unknown,unknown,neutral,away_from_interface,,binding,crystal,6XI7.pdb,Same as G12D. Hunter 2015.
kras_craf,kras,Q,H,61,mechanism_control,pathogenic_gof,unknown,unknown,neutral,away_from_interface,,binding,crystal,6XI7.pdb,"Switch II mechanism control. Impaired hydrolysis, preserved RAF binding. Q61 is 11.1Å from RAF1."
hemoglobin_dimer,hbb,E,V,6,mechanism_control,pathogenic,neutral,neutral,neutral,away_from_interface,,binding,crystal,2HHB.pdb,"Gold-standard mechanism control. Sickle mutation: surface patch causing polymerization, not α1β1 interface disruption."
hemoglobin_tetramer,hbb,W,Y,37,pathogenic,pathogenic,unknown,destab,destab,at_interface,2.0,binding,crystal,2HHB.pdb,A-quant. Kwiatkowski 1998: tetramer-dimer ΔΔG +2.0 kcal/mol. α1β2 hinge (B-C interface).
hemoglobin_tetramer,hbb,W,A,37,pathogenic,pathogenic,unknown,destab,destab,at_interface,5.0,binding,crystal,2HHB.pdb,A-quant. Kwiatkowski 1998: ΔΔG +5.0 kcal/mol.
hemoglobin_tetramer,hbb,W,G,37,pathogenic,pathogenic,unknown,destab,destab,at_interface,7.0,binding,crystal,2HHB.pdb,A-quant. Kwiatkowski 1998: ΔΔG +7.0 kcal/mol.
hemoglobin_tetramer,hbb,W,E,37,pathogenic,pathogenic,unknown,destab,destab,at_interface,9.0,binding,crystal,2HHB.pdb,A-quant. Kwiatkowski 1998: ΔΔG +9.0 kcal/mol. Largest perturbation in series.
hemoglobin_tetramer,hbb,N,T,102,pathogenic,pathogenic,unknown,destab,destab,at_interface,1.5,binding,crystal,2HHB.pdb,A-quant. Hb Kansas. α1β2 H-bond disruption. Bonaventura & Riggs 1968.
troponin_ic,tnni3,R,G,145,pathogenic,pathogenic,unknown,unknown,mild_destab,at_interface,,binding,partial,fold_tnni3_tnnc1_model_0.pdb,Elliott 2000: EC50 1.4 μM vs 0.8 μM WT. Modest binding reduction. pLDDT=54.9 (former gap region).
troponin_ic,tnni3,R,Q,145,pathogenic,pathogenic,unknown,unknown,mild_destab,at_interface,,binding,partial,fold_tnni3_tnnc1_model_0.pdb,Same as R145G per Elliott 2000. pLDDT=54.9.
troponin_ic,tnni3,R,W,162,pathogenic,pathogenic,unknown,unknown,stab,at_interface,,binding,confident,fold_tnni3_tnnc1_model_0.pdb,"LABEL CORRECTION. Elliott 2000: INCREASED TnC affinity, disrupted regulation. Interface stabilization, not disruption. Pipeline should call PPI stabilization."
troponin_ic,tnni3,P,S,82,benign,benign,neutral,neutral,neutral,away_from_interface,,population,confident,fold_tnni3_tnnc1_model_0.pdb,AF ~3% AfrAm. Frazier 2008.
cam_cav12,calm1,D,V,96,pathogenic,pathogenic,mild_destab,unknown,neutral,away_from_interface,,functional,partial,fold_calm1_cacna1c_model_0.pdb,CPVT/LQTS. EF-hand III Ca2+ site. Allosteric mechanism: Ca2+ binding disrupted but target engagement may persist. pLDDT=69.5.
cam_cav12,calm1,N,S,98,pathogenic,pathogenic,mild_destab,unknown,neutral,away_from_interface,,functional,confident,fold_calm1_cacna1c_model_0.pdb,Same EF-hand III site as D96V. Crotti 2013.
cam_cav12,calm1,F,L,142,pathogenic,pathogenic,mild_destab,unknown,mild_destab,at_interface,,functional,confident,fold_calm1_cacna1c_model_0.pdb,C-terminal lobe LQTS. Near IQ motif contact. Crotti 2013.
smad4_smad3,smad4,D,H,351,pathogenic_lof,pathogenic,unknown,destab,destab,at_interface,,binding,partial,fold_smad4_smad3_model_0.pdb,Wang 2016: abolished p-Smad1/2 interaction by co-IP. 5.4Å from SMAD3 chain A (near-interface). pLDDT=57.4.
smad4_smad3,smad4,R,C,361,pathogenic_lof,pathogenic,unknown,destab,destab,at_interface,,binding,partial,fold_smad4_smad3_model_0.pdb,Noguchi 2021: completely abolished R-Smad interaction. Strongest binding disruptor in set. 2.5Å from SMAD3. pLDDT=63.5.
smad4_smad3,smad4,I,T,500,pathogenic_gof,pathogenic_gof,unknown,unknown,neutral,away_from_interface,,functional,confident,fold_smad4_smad3_model_0.pdb,"LABEL CORRECTION. Myhre syndrome. Le Goff 2012: reduced ubiquitination → protein stabilization. Post-translational mechanism likely invisible to FoldX. Pipeline should call ""no structural effect detected"" — this is a correct structural call."
smad4_smad3,smad4,I,V,500,pathogenic_gof,pathogenic_gof,unknown,unknown,neutral,away_from_interface,,functional,confident,fold_smad4_smad3_model_0.pdb,Same mechanism as I500T. Le Goff 2012.
